condition,length,seed,access,method,complete_rate,ideal_rate,excess_rate,risk_1,risk_2,risk_3,assessed_feasible
two_tau_0_single,12,11,full,reference,0.5051523844401041,0.33679817157188263,0.1683542128682215,0.29838237890633085,,,True
two_tau_0_single,12,11,full,learned,0.5051523844401041,0.33679817157188263,0.1683542128682215,0.29838237890633085,,,True
two_tau_0_single,12,11,reduced,reference,0.7157185872395834,0.5310044064107189,0.18471418082886448,0.2986730589919489,,,True
two_tau_0_single,16,11,full,reference,0.4712638854980469,0.33679817157188263,0.13446571392616424,0.29849553108215326,,,True
two_tau_0_single,16,11,full,learned,0.4712638854980469,0.33679817157188263,0.13446571392616424,0.29849553108215326,,,True
two_tau_0_single,16,11,reduced,reference,0.6876564025878906,0.5310044064107189,0.15665199617717174,0.29820847511291504,,,True
two_tau_0_single,12,12,full,reference,0.5039825439453125,0.33679817157188263,0.16718437237342987,0.29842866390099515,,,True
two_tau_0_single,12,12,full,learned,0.5039825439453125,0.33679817157188263,0.16718437237342987,0.29842866390099515,,,True
two_tau_0_single,12,12,reduced,reference,0.7167510986328125,0.5310044064107189,0.1857466922220936,0.29829654837283215,,,True
two_tau_0_single,16,12,full,reference,0.4738731384277344,0.33679817157188263,0.13707496685585174,0.2984908580780029,,,True
two_tau_0_single,16,12,full,learned,0.4738731384277344,0.33679817157188263,0.13707496685585174,0.2984908580780029,,,True
two_tau_0_single,16,12,reduced,reference,0.685302734375,0.5310044064107189,0.1542983279642811,0.29843597412109374,,,True
two_tau_0_single,12,13,full,reference,0.5073954264322916,0.33679817157188263,0.170597254860409,0.2983898811455902,,,True
two_tau_0_single,12,13,full,learned,0.5073954264322916,0.33679817157188263,0.170597254860409,0.2983898811455902,,,True
two_tau_0_single,12,13,reduced,reference,0.7140401204427084,0.5310044064107189,0.18303571403198948,0.29839089854114603,,,True
two_tau_0_single,16,13,full,reference,0.4723854064941406,0.33679817157188263,0.135587234922258,0.2984018802642822,,,True
two_tau_0_single,16,13,full,learned,0.4723854064941406,0.33679817157188263,0.135587234922258,0.2984018802642822,,,True
two_tau_0_single,16,13,reduced,reference,0.6856307983398438,0.5310044064107189,0.15462639192912486,0.2985977172851562,,,True
two_tau_0_pair,12,11,full,reference,0.7159423828125,0.5310044064107178,0.18493797640178222,0.29868456666249404,0.298304114177292,,True
two_tau_0_pair,12,11,full,learned,0.7159474690755209,0.5310044064107178,0.1849430626648031,0.29866746411084755,0.298323124057392,,True
two_tau_0_pair,12,11,reduced,reference,0.7160390218098959,0.5310044064107189,0.18503461539917698,0.2986364379033919,0.2985830321399501,,True
two_tau_0_pair,16,11,full,reference,0.6864433288574219,0.5310044064107178,0.1554389224467041,0.29820151329040295,0.29880003929138416,,True
two_tau_0_pair,16,11,full,learned,0.6868476867675781,0.5310044064107178,0.15584328035686035,0.2983773231506523,0.29849023818967957,,True
two_tau_0_pair,16,11,reduced,reference,0.6876564025878906,0.5310044064107189,0.15665199617717174,0.29820847511291315,0.29838204383850275,,True
two_tau_0_pair,12,12,full,reference,0.7158203125,0.5310044064107178,0.18481590608928222,0.29805628600380235,0.2988700881116668,,True
two_tau_0_pair,12,12,full,learned,0.7158355712890625,0.5310044064107178,0.18483116487834472,0.2981966668417262,0.29872970725674686,,True
two_tau_0_pair,12,12,reduced,reference,0.7167510986328125,0.5310044064107189,0.1857466922220936,0.2982965483728305,0.2985605254324374,,True
two_tau_0_pair,16,12,full,reference,0.6850662231445312,0.5310044064107178,0.15406181673381347,0.29844245910644196,0.29858818054199554,,True
two_tau_0_pair,16,12,full,learned,0.6850814819335938,0.5310044064107178,0.15407707552287597,0.2984023571014242,0.2986278057098551,,True
two_tau_0_pair,16,12,reduced,reference,0.685302734375,0.5310044064107189,0.1542983279642811,0.29843597412109035,0.2985069274902379,,True
two_tau_0_pair,12,13,full,reference,0.7137552897135416,0.5310044064107178,0.18275088330282385,0.29839884582709425,0.29851481262674917,,True
two_tau_0_pair,12,13,full,learned,0.7137603759765625,0.5310044064107178,0.18275596956584472,0.29849345033044733,0.2984202081075936,,True
two_tau_0_pair,12,13,reduced,reference,0.7140401204427084,0.5310044064107189,0.18303571403198948,0.29839089854114287,0.298422941998226,,True
two_tau_0_pair,16,13,full,reference,0.6860275268554688,0.5310044064107178,0.15502312044475097,0.2986011505126969,0.2984714508056626,,True
two_tau_0_pair,16,13,full,learned,0.6860313415527344,0.5310044064107178,0.1550269351420166,0.2985205173492423,0.2985506534576425,,True
two_tau_0_pair,16,13,reduced,reference,0.6861038208007812,0.5310044064107189,0.15509941439006236,0.29850292205810963,0.29851436614989835,,True
two_tau_0_duplicate,12,11,full,reference,0.5051523844401041,0.33679817157187963,0.1683542128682245,0.2983823789066053,0.2983823789066053,,True
two_tau_0_duplicate,12,11,full,learned,0.5051523844401041,0.33679817157187963,0.1683542128682245,0.2983823789066053,0.2983823789066053,,True
two_tau_0_duplicate,12,11,reduced,reference,0.7157185872395834,0.5310044064107189,0.18471418082886448,0.29867305899194724,0.29867305899194724,,True
two_tau_0_duplicate,16,11,full,reference,0.4712638854980469,0.33679817157187963,0.13446571392616724,0.2984955310821479,0.2984955310821479,,True
two_tau_0_duplicate,16,11,full,learned,0.4712638854980469,0.33679817157187963,0.13446571392616724,0.2984955310821479,0.2984955310821479,,True
two_tau_0_duplicate,16,11,reduced,reference,0.6876564025878906,0.5310044064107189,0.15665199617717174,0.29820847511291315,0.29820847511291315,,True
two_tau_0_duplicate,12,12,full,reference,0.5039825439453125,0.33679817157187963,0.16718437237343287,0.29842866390126765,0.29842866390126765,,True
two_tau_0_duplicate,12,12,full,learned,0.5039825439453125,0.33679817157187963,0.16718437237343287,0.29842866390126765,0.29842866390126765,,True
two_tau_0_duplicate,12,12,reduced,reference,0.7167510986328125,0.5310044064107189,0.1857466922220936,0.2982965483728305,0.2982965483728305,,True
two_tau_0_duplicate,16,12,full,reference,0.4738731384277344,0.33679817157187963,0.13707496685585474,0.2984908580780019,0.2984908580780019,,True
two_tau_0_duplicate,16,12,full,learned,0.4738731384277344,0.33679817157187963,0.13707496685585474,0.2984908580780019,0.2984908580780019,,True
two_tau_0_duplicate,16,12,reduced,reference,0.685302734375,0.5310044064107189,0.1542983279642811,0.29843597412109035,0.29843597412109035,,True
two_tau_0_duplicate,12,13,full,reference,0.5073954264322916,0.33679817157187963,0.170597254860412,0.29838988114586024,0.29838988114586024,,True
two_tau_0_duplicate,12,13,full,learned,0.5073954264322916,0.33679817157187963,0.170597254860412,0.29838988114586024,0.29838988114586024,,True
two_tau_0_duplicate,12,13,reduced,reference,0.7140401204427084,0.5310044064107189,0.18303571403198948,0.29839089854114287,0.29839089854114287,,True
two_tau_0_duplicate,16,13,full,reference,0.4723854064941406,0.33679817157187963,0.135587234922261,0.29840188026428255,0.29840188026428255,,True
two_tau_0_duplicate,16,13,full,learned,0.4723854064941406,0.33679817157187963,0.135587234922261,0.29840188026428255,0.29840188026428255,,True
two_tau_0_duplicate,16,13,reduced,reference,0.6856307983398438,0.5310044064107189,0.15462639192912486,0.2985977172851578,0.2985977172851578,,True
two_tau_0_loose,12,11,full,reference,0.5051523844401041,0.33679817157190994,0.1683542128681942,0.2983823789066053,0.41283804920794454,,True
two_tau_0_loose,12,11,full,learned,0.5051523844401041,0.33679817157190994,0.1683542128681942,0.2983823789066053,0.41283804920794454,,True
two_tau_0_loose,12,11,reduced,reference,0.7157185872395834,0.5310044064107189,0.18471418082886448,0.29867305899194724,0.29837347809114073,,True
two_tau_0_loose,16,11,full,reference,0.4712638854980469,0.33679817157190994,0.13446571392613693,0.2984955310821479,0.4204113483428974,,True
two_tau_0_loose,16,11,full,learned,0.4712638854980469,0.33679817157190994,0.13446571392613693,0.2984955310821479,0.4204113483428974,,True
two_tau_0_loose,16,11,reduced,reference,0.6876564025878906,0.5310044064107189,0.15665199617717174,0.29820847511291315,0.29838204383850275,,True
two_tau_0_loose,12,12,full,reference,0.5039825439453125,0.33679817157190994,0.16718437237340256,0.29842866390126765,0.4121102049588613,,True
two_tau_0_loose,12,12,full,learned,0.5039825439453125,0.33679817157190994,0.16718437237340256,0.29842866390126765,0.4121102049588613,,True
two_tau_0_loose,12,12,reduced,reference,0.7167510986328125,0.5310044064107189,0.1857466922220936,0.2982965483728305,0.2985605254324374,,True
two_tau_0_loose,16,12,full,reference,0.4738731384277344,0.33679817157190994,0.13707496685582443,0.2984908580780019,0.42061343193054174,,True
two_tau_0_loose,16,12,full,learned,0.4738731384277344,0.33679817157190994,0.13707496685582443,0.2984908580780019,0.4206096172332761,,True
two_tau_0_loose,16,12,reduced,reference,0.685302734375,0.5310044064107189,0.1542983279642811,0.29843597412109035,0.2985069274902379,,True
two_tau_0_loose,12,13,full,reference,0.5073954264322916,0.33679817157190994,0.1705972548603817,0.29838988114586024,0.41190357552813633,,True
two_tau_0_loose,12,13,full,learned,0.5073954264322916,0.33679817157190994,0.1705972548603817,0.29838988114586024,0.41190357552813633,,True
two_tau_0_loose,12,13,reduced,reference,0.7140401204427084,0.5310044064107189,0.18303571403198948,0.29839089854114287,0.298422941998226,,True
two_tau_0_loose,16,13,full,reference,0.4723854064941406,0.33679817157190994,0.13558723492223068,0.29840188026428255,0.4202742099761952,,True
two_tau_0_loose,16,13,full,learned,0.4723854064941406,0.33679817157190994,0.13558723492223068,0.29840188026428255,0.4202742099761952,,True
two_tau_0_loose,16,13,reduced,reference,0.6856307983398438,0.5310044064107189,0.15462639192912486,0.2985977172851578,0.2985855102539047,,True
two_tau_0_tolerance_034,12,11,full,reference,0.6031087239583334,0.4310293615259998,0.17207936243233357,0.2982714349178856,0.33860753613939704,,True
two_tau_0_tolerance_034,12,11,full,learned,0.6035817464192709,0.4310293615259998,0.17255238489327107,0.29836368702057736,0.338456156254101,,True
two_tau_0_tolerance_034,12,11,reduced,reference,0.7157185872395834,0.5310044064107189,0.18471418082886448,0.29867305899194724,0.29837347809114073,,True
two_tau_0_tolerance_034,16,11,full,reference,0.5708122253417969,0.4310293615259998,0.13978286381579708,0.29839291572562726,0.3389633655548939,,True
two_tau_0_tolerance_034,16,11,full,learned,0.5727996826171875,0.4310293615259998,0.1417703210911877,0.29849815368645227,0.3387508392334741,,True
two_tau_0_tolerance_034,16,11,reduced,reference,0.6876564025878906,0.5310044064107189,0.15665199617717174,0.29820847511291315,0.29838204383850275,,True
two_tau_0_tolerance_034,12,12,full,reference,0.6016693115234375,0.4310293615259998,0.1706399499974377,0.29836266976541115,0.33858941633140305,,True
two_tau_0_tolerance_034,12,12,full,learned,0.6026865641276041,0.4310293615259998,0.17165720260160433,0.2985063566920045,0.3383974098821605,,True
two_tau_0_tolerance_034,12,12,reduced,reference,0.7167510986328125,0.5310044064107189,0.1857466922220936,0.2982965483728305,0.2985605254324374,,True
two_tau_0_tolerance_034,16,12,full,reference,0.5721893310546875,0.4310293615259998,0.1411599695286877,0.29827361106864897,0.3382939815522028,,True
two_tau_0_tolerance_034,16,12,full,learned,0.5726776123046875,0.4310293615259998,0.1416482507786877,0.29824972152702706,0.3383421897888947,,True
two_tau_0_tolerance_034,16,12,reduced,reference,0.685302734375,0.5310044064107189,0.1542983279642811,0.29843597412109035,0.2985069274902379,,True
two_tau_0_tolerance_034,12,13,full,reference,0.6028238932291666,0.4310293615259998,0.17179453170316683,0.2984025969306528,0.33843504823585546,,True
two_tau_0_tolerance_034,12,13,full,learned,0.6030222574869791,0.4310293615259998,0.17199289596097933,0.2983481739092136,0.33853016131237396,,True
two_tau_0_tolerance_034,12,13,reduced,reference,0.7140401204427084,0.5310044064107189,0.18303571403198948,0.29839089854114287,0.298422941998226,,True
two_tau_0_tolerance_034,16,13,full,reference,0.5713577270507812,0.4310293615259998,0.14032836552478145,0.2984035015105404,0.33869242668160443,,True
two_tau_0_tolerance_034,16,13,full,learned,0.5717391967773438,0.4310293615259998,0.14070983525134395,0.2983945846556864,0.3387189865113136,,True
two_tau_0_tolerance_034,16,13,reduced,reference,0.6856307983398438,0.5310044064107189,0.15462639192912486,0.2985977172851578,0.2985855102539047,,True
two_tau_0_tolerance_038,12,11,full,reference,0.5374704996744791,0.37118499961880047,0.16628550005567866,0.2984180463534252,0.37853177654156805,,True
two_tau_0_tolerance_038,12,11,full,learned,0.5376180013020834,0.37118499961880047,0.1664330016832829,0.2984305712765264,0.37851225800745797,,True
two_tau_0_tolerance_038,12,11,reduced,reference,0.7157185872395834,0.5310044064107189,0.18471418082886448,0.29867305899194724,0.29837347809114073,,True
two_tau_0_tolerance_038,16,11,full,reference,0.5043220520019531,0.37118499961880047,0.13313705238315265,0.2986744880675887,0.37811098098757184,,True
two_tau_0_tolerance_038,16,11,full,learned,0.504425048828125,0.37118499961880047,0.13324004920932453,0.29869680404659266,0.3780753135681379,,True
two_tau_0_tolerance_038,16,11,reduced,reference,0.6876564025878906,0.5310044064107189,0.15665199617717174,0.29820847511291315,0.29838204383850275,,True
two_tau_0_tolerance_038,12,12,full,reference,0.5359547932942709,0.37118499961880047,0.1647697936754704,0.29837360512653205,0.3784878439320238,,True
two_tau_0_tolerance_038,12,12,full,learned,0.5358835856119791,0.37118499961880047,0.16469858599317866,0.2983928057700535,0.3784775442495088,,True
two_tau_0_tolerance_038,12,12,reduced,reference,0.7167510986328125,0.5310044064107189,0.1857466922220936,0.2982965483728305,0.2985605254324374,,True
two_tau_0_tolerance_038,16,12,full,reference,0.5067901611328125,0.37118499961880047,0.13560516151401203,0.29838600158688444,0.37905464172365316,,True
two_tau_0_tolerance_038,16,12,full,learned,0.5067138671875,0.37118499961880047,0.13552886756869953,0.2983847618102731,0.3790701866150104,,True
two_tau_0_tolerance_038,16,12,reduced,reference,0.685302734375,0.5310044064107189,0.1542983279642811,0.29843597412109035,0.2985069274902379,,True
two_tau_0_tolerance_038,12,13,full,reference,0.5390370686848959,0.37118499961880047,0.1678520690660954,0.29827849200697915,0.37867450980414086,,True
two_tau_0_tolerance_038,12,13,full,learned,0.5389556884765625,0.37118499961880047,0.16777068885776203,0.29828135303009334,0.3786646551690507,,True
two_tau_0_tolerance_038,12,13,reduced,reference,0.7140401204427084,0.5310044064107189,0.18303571403198948,0.29839089854114287,0.298422941998226,,True
two_tau_0_tolerance_038,16,13,full,reference,0.5050544738769531,0.37118499961880047,0.13386947425815265,0.29838428497311337,0.3784593582153531,,True
two_tau_0_tolerance_038,16,13,full,learned,0.504974365234375,0.37118499961880047,0.13378936561557453,0.2983794212340999,0.37848043441774587,,True
two_tau_0_tolerance_038,16,13,reduced,reference,0.6856307983398438,0.5310044064107189,0.15462639192912486,0.2985977172851578,0.2985855102539047,,True
two_tau_0_tolerance_042,12,11,full,reference,0.5051523844401041,0.34170212820635504,0.1634502562337491,0.2983823789066053,0.41283804920794454,,True
two_tau_0_tolerance_042,12,11,full,learned,0.5051523844401041,0.34170212820635504,0.1634502562337491,0.2983823789066053,0.41283804920794454,,True
two_tau_0_tolerance_042,12,11,reduced,reference,0.7157185872395834,0.5310044064107189,0.18471418082886448,0.29867305899194724,0.29837347809114073,,True
two_tau_0_tolerance_042,16,11,full,reference,0.47220611572265625,0.34170212820635504,0.1305039875163012,0.29848752021789,0.4183823108673104,,True
two_tau_0_tolerance_042,16,11,full,learned,0.4722938537597656,0.34170212820635504,0.1305917255534106,0.29849967956542406,0.41831245422363383,,True
two_tau_0_tolerance_042,16,11,reduced,reference,0.6876564025878906,0.5310044064107189,0.15665199617717174,0.29820847511291315,0.29838204383850275,,True
two_tau_0_tolerance_042,12,12,full,reference,0.5039825439453125,0.34170212820635504,0.16228041573895746,0.29842866390126765,0.4121102049588613,,True
two_tau_0_tolerance_042,12,12,full,learned,0.5039825439453125,0.34170212820635504,0.16228041573895746,0.29842866390126765,0.4121102049588613,,True
two_tau_0_tolerance_042,12,12,reduced,reference,0.7167510986328125,0.5310044064107189,0.1857466922220936,0.2982965483728305,0.2985605254324374,,True
two_tau_0_tolerance_042,16,12,full,reference,0.4745025634765625,0.34170212820635504,0.13280043527020746,0.2984955787658686,0.41927499771117965,,True
two_tau_0_tolerance_042,16,12,full,learned,0.4745597839355469,0.34170212820635504,0.13285765572919184,0.2984905719757072,0.4193138599395734,,True
two_tau_0_tolerance_042,16,12,reduced,reference,0.685302734375,0.5310044064107189,0.1542983279642811,0.29843597412109035,0.2985069274902379,,True
two_tau_0_tolerance_042,12,13,full,reference,0.5073954264322916,0.34170212820635504,0.1656932982259366,0.29838988114586024,0.41190357552813633,,True
two_tau_0_tolerance_042,12,13,full,learned,0.5073954264322916,0.34170212820635504,0.1656932982259366,0.29838988114586024,0.41190357552813633,,True
two_tau_0_tolerance_042,12,13,reduced,reference,0.7140401204427084,0.5310044064107189,0.18303571403198948,0.29839089854114287,0.298422941998226,,True
two_tau_0_tolerance_042,16,13,full,reference,0.4733314514160156,0.34170212820635504,0.1316293232096606,0.29840450286865305,0.4182226181030237,,True
two_tau_0_tolerance_042,16,13,full,learned,0.473419189453125,0.34170212820635504,0.13171706124676996,0.29841365814209075,0.4181715011596643,,True
two_tau_0_tolerance_042,16,13,reduced,reference,0.6856307983398438,0.5310044064107189,0.15462639192912486,0.2985977172851578,0.2985855102539047,,True
two_tau_0.125_single,12,11,full,reference,0.5803019205729166,0.4154208039542395,0.1648811166186771,0.2983334870689077,,,True
two_tau_0.125_single,12,11,full,learned,0.5803019205729166,0.4154208039542395,0.1648811166186771,0.2983334870642011,,,True
two_tau_0.125_single,12,11,reduced,reference,0.71575927734375,0.5310044064107189,0.1847548709330311,0.2986277276714532,,,True
two_tau_0.125_single,16,11,full,reference,0.5494384765625,0.4154208039542395,0.13401767260826047,0.2986024856567383,,,True
two_tau_0.125_single,16,11,full,learned,0.5494384765625,0.4154208039542395,0.13401767260826047,0.2986024856567383,,,True
two_tau_0.125_single,16,11,reduced,reference,0.6873435974121094,0.5310044064107189,0.1563391910013905,0.2982815742492676,,,True
two_tau_0.125_single,12,12,full,reference,0.57989501953125,0.4154208039542395,0.16447421557701047,0.29841639316294954,,,True
two_tau_0.125_single,12,12,full,learned,0.57989501953125,0.4154208039542395,0.16447421557701047,0.29841639315769725,,,True
two_tau_0.125_single,12,12,reduced,reference,0.716522216796875,0.5310044064107189,0.1855178103861561,0.2981637333137542,,,True
two_tau_0.125_single,16,12,full,reference,0.55108642578125,0.4154208039542395,0.13566562182701047,0.29833574295043946,,,True
two_tau_0.125_single,16,12,full,learned,0.55108642578125,0.4154208039542395,0.13566562182701047,0.29833574295043946,,,True
two_tau_0.125_single,16,12,reduced,reference,0.6852340698242188,0.5310044064107189,0.15422966341349986,0.2984575271606445,,,True
two_tau_0.125_single,12,13,full,reference,0.5811106363932291,0.4154208039542395,0.1656898324389896,0.2983322155071392,,,True
two_tau_0.125_single,12,13,full,learned,0.5811106363932291,0.4154208039542395,0.1656898324389896,0.2983322155017845,,,True
two_tau_0.125_single,12,13,reduced,reference,0.713958740234375,0.5310044064107189,0.1829543338236561,0.2984111800152959,,,True
two_tau_0.125_single,16,13,full,reference,0.5501136779785156,0.4154208039542395,0.1346928740242761,0.29847393035888675,,,True
two_tau_0.125_single,16,13,full,learned,0.5501136779785156,0.4154208039542395,0.1346928740242761,0.29847393035888675,,,True
two_tau_0.125_single,16,13,reduced,reference,0.6857261657714844,0.5310044064107189,0.1547217593607655,0.29858007431030276,,,True
two_tau_0.125_pair,12,11,full,reference,0.7159474690755209,0.5310044064107219,0.18494306266479899,0.2986423506806634,0.2983463301285978,,True
two_tau_0.125_pair,12,11,full,learned,0.7159474690755209,0.5310044064107219,0.18494306266479899,0.2986141219200511,0.2983745588892101,,True
two_tau_0.125_pair,12,11,reduced,reference,0.7160390218098959,0.5310044064107189,0.18503461539917698,0.2986297621829642,0.2985897078603778,,True
two_tau_0.125_pair,16,11,full,reference,0.6864280700683594,0.5310044064107219,0.1554236636576375,0.2983416557312017,0.29866180419921806,,True
two_tau_0.125_pair,16,11,full,learned,0.6864280700683594,0.5310044064107219,0.1554236636576375,0.2983416557312017,0.29866180419921806,,True
two_tau_0.125_pair,16,11,reduced,reference,0.6873435974121094,0.5310044064107189,0.1563391910013905,0.2982815742492681,0.2984043121337886,,True
two_tau_0.125_pair,12,12,full,reference,0.7158203125,0.5310044064107219,0.18481590608927811,0.29815915567674384,0.2987672184380432,,True
two_tau_0.125_pair,12,12,full,learned,0.7158203125,0.5310044064107219,0.18481590608927811,0.2983754490218319,0.2985509250690239,,True
two_tau_0.125_pair,12,12,reduced,reference,0.716522216796875,0.5310044064107189,0.1855178103861561,0.2981637333137585,0.2985261295649892,,True
two_tau_0.125_pair,16,12,full,reference,0.6850662231445312,0.5310044064107219,0.15406181673380936,0.29846134185791184,0.2985697746276839,,True
two_tau_0.125_pair,16,12,full,learned,0.6850662231445312,0.5310044064107219,0.15406181673380936,0.2984315872192551,0.2985995292663406,,True
two_tau_0.125_pair,16,12,reduced,reference,0.6852340698242188,0.5310044064107189,0.15422966341349986,0.2984575271606457,0.29850730895995975,,True
two_tau_0.125_pair,12,13,full,reference,0.7137552897135416,0.5310044064107219,0.18275088330281974,0.2984133416770539,0.2985003167767893,,True
two_tau_0.125_pair,12,13,full,learned,0.7137603759765625,0.5310044064107219,0.18275596956584061,0.2984842950525523,0.2984293633854886,,True
two_tau_0.125_pair,12,13,reduced,reference,0.713958740234375,0.5310044064107189,0.1829543338236561,0.298411180015296,0.2984325423200402,,True
two_tau_0.125_pair,16,13,full,reference,0.6860275268554688,0.5310044064107219,0.15502312044474686,0.2985815048217731,0.2984910964965862,,True
two_tau_0.125_pair,16,13,full,learned,0.6860313415527344,0.5310044064107219,0.1550269351420125,0.2985242843628019,0.29854688644408284,,True
two_tau_0.125_pair,16,13,reduced,reference,0.6861038208007812,0.5310044064107189,0.15509941439006236,0.2985043525695778,0.29851293563843007,,True
two_tau_0.5_single,12,11,full,reference,0.7159016927083334,0.5310044064107262,0.18489728629760716,0.298494340419893,,,True
two_tau_0.5_single,12,11,full,learned,0.7159016927083334,0.5310044064107262,0.18489728629760716,0.29849434041079803,,,True
two_tau_0.5_single,12,11,reduced,reference,0.7159016927083334,0.5310044064107189,0.18489728629761448,0.298494340419893,,,True
two_tau_0.5_single,16,11,full,reference,0.6863975524902344,0.5310044064107262,0.15539314607950816,0.29850172996520996,,,True
two_tau_0.5_single,16,11,full,learned,0.6863975524902344,0.5310044064107262,0.15539314607950816,0.29850172996520996,,,True
two_tau_0.5_single,16,11,reduced,reference,0.6863975524902344,0.5310044064107189,0.1553931460795155,0.29850172996520996,,,True
two_tau_0.5_single,12,12,full,reference,0.7157796223958334,0.5310044064107262,0.18477521598510716,0.29846318705773456,,,True
two_tau_0.5_single,12,12,full,learned,0.7157796223958334,0.5310044064107262,0.18477521598510716,0.29846318704932173,,,True
two_tau_0.5_single,12,12,reduced,reference,0.7157796223958334,0.5310044064107189,0.18477521598511448,0.29846318705773456,,,True
two_tau_0.5_single,16,12,full,reference,0.6850357055664062,0.5310044064107262,0.15403129915568003,0.29851531982421875,,,True
two_tau_0.5_single,16,12,full,learned,0.6850357055664062,0.5310044064107262,0.15403129915568003,0.29851531982421875,,,True
two_tau_0.5_single,16,12,reduced,reference,0.6850357055664062,0.5310044064107189,0.15403129915568736,0.29851531982421875,,,True
two_tau_0.5_single,12,13,full,reference,0.713714599609375,0.5310044064107262,0.18271019319864878,0.2984568292269216,,,True
two_tau_0.5_single,12,13,full,learned,0.713714599609375,0.5310044064107262,0.18271019319864878,0.2984568292174288,,,True
two_tau_0.5_single,12,13,reduced,reference,0.713714599609375,0.5310044064107189,0.1827101931986561,0.2984568292269216,,,True
two_tau_0.5_single,16,13,full,reference,0.6859970092773438,0.5310044064107262,0.15499260286661753,0.2985363006591797,,,True
two_tau_0.5_single,16,13,full,learned,0.6859970092773438,0.5310044064107262,0.15499260286661753,0.2985363006591797,,,True
two_tau_0.5_single,16,13,reduced,reference,0.6859970092773438,0.5310044064107189,0.15499260286662486,0.2985363006591797,,,True
two_tau_0.5_pair,12,11,full,reference,0.7159016927083334,0.5310044064107262,0.18489728629760716,0.298494340419893,0.298494340419893,,True
two_tau_0.5_pair,12,11,full,learned,0.7159016927083334,0.5310044064107262,0.18489728629760716,0.29849434041079803,0.29849434041079803,,True
two_tau_0.5_pair,12,11,reduced,reference,0.7159016927083334,0.5310044064107189,0.18489728629761448,0.298494340419893,0.298494340419893,,True
two_tau_0.5_pair,16,11,full,reference,0.6863975524902344,0.5310044064107262,0.15539314607950816,0.29850172996520996,0.29850172996520996,,True
two_tau_0.5_pair,16,11,full,learned,0.6863975524902344,0.5310044064107262,0.15539314607950816,0.29850172996520996,0.29850172996520996,,True
two_tau_0.5_pair,16,11,reduced,reference,0.6863975524902344,0.5310044064107189,0.1553931460795155,0.29850172996520996,0.29850172996520996,,True
two_tau_0.5_pair,12,12,full,reference,0.7157796223958334,0.5310044064107262,0.18477521598510716,0.29846318705773456,0.29846318705773456,,True
two_tau_0.5_pair,12,12,full,learned,0.7157796223958334,0.5310044064107262,0.18477521598510716,0.29846318704932173,0.29846318704932173,,True
two_tau_0.5_pair,12,12,reduced,reference,0.7157796223958334,0.5310044064107189,0.18477521598511448,0.29846318705773456,0.29846318705773456,,True
two_tau_0.5_pair,16,12,full,reference,0.6850357055664062,0.5310044064107262,0.15403129915568003,0.29851531982421875,0.29851531982421875,,True
two_tau_0.5_pair,16,12,full,learned,0.6850357055664062,0.5310044064107262,0.15403129915568003,0.29851531982421875,0.29851531982421875,,True
two_tau_0.5_pair,16,12,reduced,reference,0.6850357055664062,0.5310044064107189,0.15403129915568736,0.29851531982421875,0.29851531982421875,,True
two_tau_0.5_pair,12,13,full,reference,0.713714599609375,0.5310044064107262,0.18271019319864878,0.2984568292269216,0.2984568292269216,,True
two_tau_0.5_pair,12,13,full,learned,0.713714599609375,0.5310044064107262,0.18271019319864878,0.2984568292174288,0.2984568292174288,,True
two_tau_0.5_pair,12,13,reduced,reference,0.713714599609375,0.5310044064107189,0.1827101931986561,0.2984568292269216,0.2984568292269216,,True
two_tau_0.5_pair,16,13,full,reference,0.6859970092773438,0.5310044064107262,0.15499260286661753,0.2985363006591797,0.2985363006591797,,True
two_tau_0.5_pair,16,13,full,learned,0.6859970092773438,0.5310044064107262,0.15499260286661753,0.2985363006591797,0.2985363006591797,,True
two_tau_0.5_pair,16,13,reduced,reference,0.6859970092773438,0.5310044064107189,0.15499260286662486,0.2985363006591797,0.2985363006591797,,True
three_single,12,11,full,reference,0.5568949381510416,0.3938162328793918,0.1630787052716498,0.29852028026176075,,,True
three_single,12,11,full,learned,0.5568949381510416,0.3938162328793918,0.1630787052716498,0.298520280256804,,,True
three_single,12,11,reduced,reference,0.71484375,0.5310044064107189,0.1838393435892811,0.2987428679626191,,,True
three_single,16,11,full,reference,0.5253982543945312,0.3938162328793918,0.13158202151513942,0.2984737873077392,,,True
three_single,16,11,full,learned,0.5253982543945312,0.3938162328793918,0.13158202151513942,0.2984737873077392,,,True
three_single,16,11,reduced,reference,0.6865463256835938,0.5310044064107189,0.15554191927287486,0.29852132797241204,,,True
three_single,12,12,full,reference,0.5566558837890625,0.3938162328793918,0.16283965090967067,0.2985130959169851,,,True
three_single,12,12,full,learned,0.5566558837890625,0.3938162328793918,0.16283965090967067,0.2985130959113861,,,True
three_single,12,12,reduced,reference,0.7155558268229166,0.5310044064107189,0.18455142041219774,0.2984408075086208,,,True
three_single,16,12,full,reference,0.5282020568847656,0.3938162328793918,0.1343858240053738,0.29842963218688967,,,True
three_single,16,12,full,learned,0.5282020568847656,0.3938162328793918,0.1343858240053738,0.29842963218688967,,,True
three_single,16,12,reduced,reference,0.6854972839355469,0.5310044064107189,0.154492877524828,0.2984816551208497,,,True
three_single,12,13,full,reference,0.5585225423177084,0.3938162328793918,0.16470630943831654,0.2984820061308654,,,True
three_single,12,13,full,learned,0.5585225423177084,0.3938162328793918,0.16470630943831654,0.29848200612642023,,,True
three_single,12,13,reduced,reference,0.7143758138020834,0.5310044064107189,0.18337140739136448,0.2983600630796843,,,True
three_single,16,13,full,reference,0.5263748168945312,0.3938162328793918,0.13255858401513942,0.2984701156616212,,,True
three_single,16,13,full,learned,0.5263748168945312,0.3938162328793918,0.13255858401513942,0.2984701156616212,,,True
three_single,16,13,reduced,reference,0.6856880187988281,0.5310044064107189,0.15468361238810924,0.29857692718505857,,,True
three_partial,12,11,full,reference,0.6714731852213541,0.49794287773517054,0.1735303074861836,0.2986499800561557,0.2986871097404889,,True
three_partial,12,11,full,learned,0.6725107828776041,0.49794287773517054,0.1745679051424336,0.29858118834583247,0.2986849480805673,,True
three_partial,12,11,reduced,reference,0.7166951497395834,0.5310044064107189,0.18569074332886448,0.298428219007413,0.29837354167696906,,True
three_partial,16,11,full,reference,0.6419754028320312,0.49794287773517054,0.1440325250968607,0.2985759735106794,0.29852123260482305,,True
three_partial,16,11,full,learned,0.6427421569824219,0.49794287773517054,0.14479927924725133,0.29854493141167937,0.29854798316939735,,True
three_partial,16,11,reduced,reference,0.6865463256835938,0.5310044064107189,0.15554191927287486,0.2985213279724162,0.2984683036804185,,True
three_partial,12,12,full,reference,0.6697235107421875,0.49794287773517054,0.17178063300701696,0.2986082091210906,0.29846528508757936,,True
three_partial,12,12,full,learned,0.6683095296223959,0.49794287773517054,0.17036665188722533,0.2985944126349437,0.2984947218314617,,True
three_partial,12,12,reduced,reference,0.7158101399739584,0.5310044064107189,0.18480573356323948,0.2983503356048805,0.29858099763938395,,True
three_partial,16,12,full,reference,0.641204833984375,0.49794287773517054,0.14326195624920446,0.29856982231134005,0.29833216667158685,,True
three_partial,16,12,full,learned,0.6395263671875,0.49794287773517054,0.14158348945232946,0.2985772132872929,0.2983227729795644,,True
three_partial,16,12,reduced,reference,0.6854972839355469,0.5310044064107189,0.154492877524828,0.29848165512084984,0.29844751358032223,,True
three_partial,12,13,full,reference,0.6724751790364584,0.49794287773517054,0.17453230130128783,0.2984445585768188,0.29848957198937814,,True
three_partial,12,13,full,learned,0.6715342203776041,0.49794287773517054,0.1735913426424336,0.29844284196618204,0.29846191542978595,,True
three_partial,12,13,reduced,reference,0.7143758138020834,0.5310044064107189,0.18337140739136448,0.2983600630796856,0.2982898726482227,,True
three_partial,16,13,full,reference,0.6410255432128906,0.49794287773517054,0.14308266547772008,0.29845695495599256,0.2984622955320635,,True
three_partial,16,13,full,learned,0.6396827697753906,0.49794287773517054,0.14173989204022008,0.2985134124755261,0.298387908935379,,True
three_partial,16,13,reduced,reference,0.6856880187988281,0.5310044064107189,0.15468361238810924,0.29857692718505835,0.2985954284667955,,True
three_cyclic,12,11,full,reference,0.7164408365885416,0.5310044064107171,0.18543643017782452,0.29858042543267677,0.29837061707540663,0.2983545953476719,True
three_cyclic,12,11,full,learned,0.7765299479166666,0.5310044064107171,0.24552554150594952,0.27961018968459855,0.28927739578319106,0.29867757306525766,True
three_cyclic,12,11,reduced,reference,0.7166951497395834,0.5310044064107189,0.18569074332886448,0.298428219007413,0.29837354167696906,0.29828453207257444,True
three_cyclic,16,11,full,reference,0.6869277954101562,0.5310044064107171,0.15592338899943914,0.29838643074035615,0.2984034061431863,0.2984907627105738,True
three_cyclic,16,11,full,learned,0.7246627807617188,0.5310044064107171,0.19365837435100164,0.28722577095024876,0.2928366184234641,0.2984383106232436,True
three_cyclic,16,11,reduced,reference,0.6869964599609375,0.5310044064107189,0.1559920535502186,0.29839544296264736,0.29840230941772433,0.2984320640563974,True
three_cyclic,12,12,full,reference,0.7159525553385416,0.5310044064107171,0.18494814892782452,0.2983697269808429,0.2984773014466897,0.29846433147582735,True
three_cyclic,12,12,full,learned,0.7259012858072916,0.5310044064107171,0.19489687939657452,0.29860903565702573,0.2985207889461563,0.29854011670138003,True
three_cyclic,12,12,reduced,reference,0.7159525553385416,0.5310044064107189,0.18494814892782274,0.2983697269808429,0.2984773014466897,0.29846433147582735,True
three_cyclic,16,12,full,reference,0.6852302551269531,0.5310044064107171,0.154225848716236,0.29848208427429196,0.2985003948211665,0.29855418205261103,True
three_cyclic,16,12,full,learned,0.6958732604980469,0.5310044064107171,0.16486885408732976,0.29852480888372496,0.2985946178436283,0.29852023124689425,True
three_cyclic,16,12,reduced,reference,0.6854972839355469,0.5310044064107189,0.154492877524828,0.29848165512084984,0.29844751358032223,0.2983979225158673,True
three_cyclic,12,13,full,reference,0.7140553792317709,0.5310044064107171,0.18305097282105376,0.2983533237808804,0.29838256979361927,0.2985735589746283,True
three_cyclic,12,13,full,learned,0.7140401204427084,0.5310044064107171,0.18303571403199126,0.2983508442275839,0.2983854308166537,0.2985703164818559,True
three_cyclic,12,13,reduced,reference,0.7143758138020834,0.5310044064107189,0.18337140739136448,0.2983600630796856,0.2982898726482227,0.29839821005329453,True
three_cyclic,16,13,full,reference,0.6863670349121094,0.5310044064107171,0.15536262850139226,0.2985404491424601,0.29841570854186805,0.2984860897064187,True
three_cyclic,16,13,full,learned,0.6863670349121094,0.5310044064107171,0.15536262850139226,0.2985404491424601,0.29841570854186805,0.2984860897064187,True
three_cyclic,16,13,reduced,reference,0.6863670349121094,0.5310044064107189,0.1553626285013905,0.2985404491424601,0.29841570854186805,0.2984860897064187,True
