example,risk,source_direct_bits,split_bits,split_feasible
overlapping_thresholds,0.05,1.4591479170272446,,False
overlapping_thresholds,0.0505,1.4526640767820207,,False
overlapping_thresholds,0.051000000000000004,1.4472920161194158,,False
overlapping_thresholds,0.051500000000000004,1.4423400064319547,,False
overlapping_thresholds,0.052000000000000005,1.4376610135527317,,False
overlapping_thresholds,0.052500000000000005,1.4331852063643402,,False
overlapping_thresholds,0.053000000000000005,1.428871455471382,,False
overlapping_thresholds,0.053500000000000006,1.4246925841382185,,False
overlapping_thresholds,0.054000000000000006,1.420629276913822,,False
overlapping_thresholds,0.05450000000000001,1.4166670917906243,,False
overlapping_thresholds,0.055,1.4127948190307063,,False
overlapping_thresholds,0.0555,1.4090035036425435,,False
overlapping_thresholds,0.056,1.4052858264299706,,False
overlapping_thresholds,0.0565,1.401635692835978,,False
overlapping_thresholds,0.057,1.3980479490524167,,False
overlapping_thresholds,0.0575,1.3945181796522625,,False
overlapping_thresholds,0.058,1.3910425594214777,,False
overlapping_thresholds,0.0585,1.387617742372894,,False
overlapping_thresholds,0.059000000000000004,1.3842407769609935,,False
overlapping_thresholds,0.059500000000000004,1.3809090401930302,,False
overlapping_thresholds,0.060000000000000005,1.3776201856476615,,False
overlapping_thresholds,0.060500000000000005,1.3743721019141542,,False
overlapping_thresholds,0.061,1.3711628789646038,,False
overlapping_thresholds,0.0615,1.3679907806519687,,False
overlapping_thresholds,0.062,1.3648542219993642,,False
overlapping_thresholds,0.0625,1.3617517502804872,,False
overlapping_thresholds,0.063,1.358682029131585,,False
overlapping_thresholds,0.0635,1.3556438251110208,,False
overlapping_thresholds,0.064,1.3526359962524839,,False
overlapping_thresholds,0.0645,1.3496574822553367,,False
overlapping_thresholds,0.065,1.3467072960294644,,False
overlapping_thresholds,0.0655,1.3437845163686015,,False
overlapping_thresholds,0.066,1.340888281569913,,False
overlapping_thresholds,0.0665,1.3380177838518263,,False
overlapping_thresholds,0.067,1.335172264449041,,False
overlapping_thresholds,0.0675,1.3323510092850392,,False
overlapping_thresholds,0.068,1.3295533451395272,,False
overlapping_thresholds,0.0685,1.326778636242004,,False
overlapping_thresholds,0.069,1.3240262812338344,,False
overlapping_thresholds,0.0695,1.3212957104502965,,False
overlapping_thresholds,0.07,1.3185863834815565,,False
overlapping_thresholds,0.07050000000000001,1.315897786977681,,False
overlapping_thresholds,0.07100000000000001,1.313229432667904,,False
overlapping_thresholds,0.07150000000000001,1.310580855568633,,False
overlapping_thresholds,0.07200000000000001,1.3079516123582273,,False
overlapping_thresholds,0.07250000000000001,1.3053412798995936,,False
overlapping_thresholds,0.07300000000000001,1.3027494538941626,,False
overlapping_thresholds,0.07350000000000001,1.3001757476529585,,False
overlapping_thresholds,0.07400000000000001,1.2976197909723015,,False
overlapping_thresholds,0.07450000000000001,1.2950812291032365,,False
overlapping_thresholds,0.07500000000000001,1.292559721805121,,False
overlapping_thresholds,0.07550000000000001,1.2900549424749521,,False
overlapping_thresholds,0.07600000000000001,1.2875665773450053,,False
overlapping_thresholds,0.0765,1.2850943247422135,,False
overlapping_thresholds,0.077,1.2826378944034575,,False
overlapping_thresholds,0.0775,1.2801970068415947,,False
overlapping_thresholds,0.078,1.2777713927576038,,False
overlapping_thresholds,0.0785,1.2753607924947348,,False
overlapping_thresholds,0.079,1.2729649555309717,,False
overlapping_thresholds,0.0795,1.2705836400065098,,False
overlapping_thresholds,0.08,1.2682166122832739,,False
overlapping_thresholds,0.0805,1.2658636465338104,,False
overlapping_thresholds,0.081,1.2635245243571445,,False
overlapping_thresholds,0.0815,1.2611990344194246,,False
overlapping_thresholds,0.082,1.25888697211739,,False
overlapping_thresholds,0.0825,1.2565881392628766,,False
overlapping_thresholds,0.083,1.2543023437867382,,False
overlapping_thresholds,0.0835,1.2520293994607212,,False
overlapping_thresholds,0.084,1.249769125635943,,False
overlapping_thresholds,0.0845,1.2475213469967577,,False
overlapping_thresholds,0.085,1.2452858933288957,,False
overlapping_thresholds,0.0855,1.243062599300852,,False
overlapping_thresholds,0.08600000000000001,1.2408513042575937,,False
overlapping_thresholds,0.0865,1.2386518520257321,,False
overlapping_thresholds,0.087,1.236464090729369,,False
overlapping_thresholds,0.0875,1.2342878726159021,,False
overlapping_thresholds,0.088,1.2321230538911205,,False
overlapping_thresholds,0.0885,1.229969494562981,,False
overlapping_thresholds,0.089,1.2278270582935025,,False
overlapping_thresholds,0.0895,1.2256956122582543,,False
overlapping_thresholds,0.09,1.2235750270129637,,False
overlapping_thresholds,0.0905,1.2214651763667903,,False
overlapping_thresholds,0.091,1.2193659372618626,,False
overlapping_thresholds,0.0915,1.2172771896586894,,False
overlapping_thresholds,0.092,1.215198816427096,,False
overlapping_thresholds,0.0925,1.2131307032423537,,False
overlapping_thresholds,0.093,1.2110727384861995,,False
overlapping_thresholds,0.0935,1.2090248131524577,,False
overlapping_thresholds,0.094,1.2069868207570031,,False
overlapping_thresholds,0.0945,1.2049586572518187,,False
overlapping_thresholds,0.095,1.2029402209429132,,False
overlapping_thresholds,0.0955,1.2009314124118895,,False
overlapping_thresholds,0.096,1.1989321344409607,,False
overlapping_thresholds,0.0965,1.196942291941227,,False
overlapping_thresholds,0.097,1.1949617918840372,,False
overlapping_thresholds,0.0975,1.1929905432352728,,False
overlapping_thresholds,0.098,1.1910284568923961,,False
overlapping_thresholds,0.0985,1.1890754456241277,,False
overlapping_thresholds,0.099,1.1871314240126052,,False
overlapping_thresholds,0.0995,1.1851963083979082,,False
overlapping_thresholds,0.1,1.1832700168248222,,False
overlapping_thresholds,0.1005,1.181352468991733,,False
overlapping_thresholds,0.101,1.1794435862015467,,False
overlapping_thresholds,0.1015,1.1775432913145318,,False
overlapping_thresholds,0.10200000000000001,1.1756515087029968,,False
overlapping_thresholds,0.10250000000000001,1.1737681642077071,,False
overlapping_thresholds,0.10300000000000001,1.1718931850959662,,False
overlapping_thresholds,0.10350000000000001,1.1700265000212766,,False
overlapping_thresholds,0.10400000000000001,1.1681680389845095,,False
overlapping_thresholds,0.10450000000000001,1.1663177332965131,,False
overlapping_thresholds,0.10500000000000001,1.1644755155420947,,False
overlapping_thresholds,0.10550000000000001,1.1626413195453091,,False
overlapping_thresholds,0.10600000000000001,1.1608150803360022,,False
overlapping_thresholds,0.10650000000000001,1.158996734117547,,False
overlapping_thresholds,0.10700000000000001,1.1571862182357227,,False
overlapping_thresholds,0.10750000000000001,1.155383471148686,,False
overlapping_thresholds,0.10800000000000001,1.1535884323979881,,False
overlapping_thresholds,0.10850000000000001,1.1518010425805887,,False
overlapping_thresholds,0.10900000000000001,1.1500212433218304,,False
overlapping_thresholds,0.10950000000000001,1.1482489772493254,,False
overlapping_thresholds,0.11,1.1464841879677239,,False
overlapping_thresholds,0.1105,1.144726820034322,,False
overlapping_thresholds,0.111,1.1429768189354756,,False
overlapping_thresholds,0.1115,1.1412341310637897,,False
overlapping_thresholds,0.112,1.1394987036960464,,False
overlapping_thresholds,0.1125,1.1377704849718493,,False
overlapping_thresholds,0.113,1.1360494238729477,,False
overlapping_thresholds,0.1135,1.1343354702032202,,False
overlapping_thresholds,0.114,1.1326285745692863,,False
overlapping_thresholds,0.1145,1.1309286883617262,,False
overlapping_thresholds,0.115,1.1292357637368817,,False
overlapping_thresholds,0.1155,1.1275497535992187,,False
overlapping_thresholds,0.116,1.125870611584226,,False
overlapping_thresholds,0.1165,1.124198292041835,,False
overlapping_thresholds,0.117,1.1225327500203368,,False
overlapping_thresholds,0.11750000000000001,1.12087394125078,,False
overlapping_thresholds,0.11800000000000001,1.1192218221318306,,False
overlapping_thresholds,0.11850000000000001,1.1175763497150777,,False
overlapping_thresholds,0.11900000000000001,1.1159374816907677,,False
overlapping_thresholds,0.11950000000000001,1.1143051763739535,,False
overlapping_thresholds,0.12000000000000001,1.112679392691041,,False
overlapping_thresholds,0.12050000000000001,1.111060090166721,,False
overlapping_thresholds,0.12100000000000001,1.1094472289112707,,False
overlapping_thresholds,0.12150000000000001,1.1078407696082162,,False
overlapping_thresholds,0.12200000000000001,1.1062406735023351,,False
overlapping_thresholds,0.1225,1.104646902387998,,False
overlapping_thresholds,0.123,1.1030594185978277,,False
overlapping_thresholds,0.1235,1.1014781849916715,,False
overlapping_thresholds,0.124,1.0999031649458724,,False
overlapping_thresholds,0.1245,1.0983343223428306,,False
overlapping_thresholds,0.125,1.0967716215608472,,False
overlapping_thresholds,0.1255,1.0952150274642354,,False
overlapping_thresholds,0.126,1.0936645053936978,,False
overlapping_thresholds,0.1265,1.092120021156953,,False
overlapping_thresholds,0.127,1.0905815410196105,,False
overlapping_thresholds,0.1275,1.0890490316962813,,False
overlapping_thresholds,0.128,1.0875224603419187,,False
overlapping_thresholds,0.1285,1.0860017945433802,,False
overlapping_thresholds,0.129,1.0844870023112063,,False
overlapping_thresholds,0.1295,1.082978052071605,,False
overlapping_thresholds,0.13,1.0814749126586412,,False
overlapping_thresholds,0.1305,1.0799775533066183,,False
overlapping_thresholds,0.131,1.0784859436426515,,False
overlapping_thresholds,0.1315,1.0770000536794244,,False
overlapping_thresholds,0.132,1.0755198538081214,,False
overlapping_thresholds,0.1325,1.0740453147915359,,False
overlapping_thresholds,0.133,1.0725764077573419,,False
overlapping_thresholds,0.1335,1.0711131041915314,,False
overlapping_thresholds,0.134,1.0696553759320073,,False
overlapping_thresholds,0.1345,1.068203195162329,,False
overlapping_thresholds,0.135,1.066756534405606,,False
overlapping_thresholds,0.1355,1.0653153665185364,,False
overlapping_thresholds,0.136,1.063879664685584,,False
overlapping_thresholds,0.1365,1.0624494024132907,,False
overlapping_thresholds,0.137,1.0610245535247218,,False
overlapping_thresholds,0.1375,1.0596050921540385,,False
overlapping_thresholds,0.138,1.058190992741193,,False
overlapping_thresholds,0.1385,1.056782230026747,,False
overlapping_thresholds,0.139,1.0553787790468063,,False
overlapping_thresholds,0.1395,1.0539806151280668,,False
overlapping_thresholds,0.14,1.0525877138829776,,False
overlapping_thresholds,0.1405,1.0512000512050044,,False
overlapping_thresholds,0.14100000000000001,1.0498176032640023,,False
overlapping_thresholds,0.14150000000000001,1.0484403465016892,,False
overlapping_thresholds,0.14200000000000002,1.047068257627219,,False
overlapping_thresholds,0.14250000000000002,1.0457013136128488,,False
overlapping_thresholds,0.14300000000000002,1.0443394916897024,,False
overlapping_thresholds,0.14350000000000002,1.0429827693436247,,False
overlapping_thresholds,0.14400000000000002,1.0416311243111227,,False
overlapping_thresholds,0.14450000000000002,1.0402845345753966,,False
overlapping_thresholds,0.14500000000000002,1.038942978362451,,False
overlapping_thresholds,0.14550000000000002,1.0376064341372921,,False
overlapping_thresholds,0.14600000000000002,1.0362748806002005,,False
overlapping_thresholds,0.14650000000000002,1.034948296683086,,False
overlapping_thresholds,0.14700000000000002,1.0336266615459146,,False
overlapping_thresholds,0.14750000000000002,1.0323099545732108,,False
overlapping_thresholds,0.14800000000000002,1.0309981553706329,,False
overlapping_thresholds,0.14850000000000002,1.0296912437616148,,False
overlapping_thresholds,0.14900000000000002,1.0283891997840804,,False
overlapping_thresholds,0.14950000000000002,1.0270920036872215,,False
overlapping_thresholds,0.15000000000000002,1.0257996359283417,,False
overlapping_thresholds,0.15050000000000002,1.0245120771697631,,False
overlapping_thresholds,0.15100000000000002,1.0232293082757955,,False
overlapping_thresholds,0.15150000000000002,1.0219513103097642,,False
overlapping_thresholds,0.15200000000000002,1.0206780645310982,,False
overlapping_thresholds,0.15250000000000002,1.0194095523924755,,False
overlapping_thresholds,0.15300000000000002,1.0181457555370215,,False
overlapping_thresholds,0.15350000000000003,1.016886655795566,,False
overlapping_thresholds,0.15400000000000003,1.0156322351839504,,False
overlapping_thresholds,0.1545,1.0143824759003874,,False
overlapping_thresholds,0.155,1.0131373603228728,,False
overlapping_thresholds,0.1555,1.0118968710066445,,False
overlapping_thresholds,0.156,1.0106609906816906,,False
overlapping_thresholds,0.1565,1.0094297022503063,,False
overlapping_thresholds,0.157,1.0082029887846942,,False
overlapping_thresholds,0.1575,1.006980833524611,,False
overlapping_thresholds,0.158,1.0057632198750581,,False
overlapping_thresholds,0.1585,1.0045501314040144,,False
overlapping_thresholds,0.159,1.0033415518402122,,False
overlapping_thresholds,0.1595,1.0021374650709518,,False
overlapping_thresholds,0.16,1.0009378551399597,,False
overlapping_thresholds,0.1605,0.9997427062452817,,False
overlapping_thresholds,0.161,0.9985520027372174,,False
overlapping_thresholds,0.1615,0.997365729116291,,False
overlapping_thresholds,0.162,0.9961838700312576,,False
overlapping_thresholds,0.1625,0.9950064102771474,,False
overlapping_thresholds,0.163,0.9938333347933428,,False
overlapping_thresholds,0.1635,0.9926646286616903,,False
overlapping_thresholds,0.164,0.9915002771046464,,False
overlapping_thresholds,0.1645,0.990340265483455,,False
overlapping_thresholds,0.165,0.9891845792963583,,False
overlapping_thresholds,0.1655,0.9880332041768367,,False
overlapping_thresholds,0.166,0.986886125891882,,False
overlapping_thresholds,0.1665,0.9857433303402979,,False
overlapping_thresholds,0.167,0.9846048035510315,,False
overlapping_thresholds,0.1675,0.9834705316815336,,False
overlapping_thresholds,0.168,0.982340501016145,,False
overlapping_thresholds,0.1685,0.9812146979645122,,False
overlapping_thresholds,0.169,0.98009310906003,,False
overlapping_thresholds,0.1695,0.9789757209583091,,False
overlapping_thresholds,0.16999999999999998,0.9778625204356698,,False
overlapping_thresholds,0.17049999999999998,0.976753494387662,,False
overlapping_thresholds,0.17099999999999999,0.9756486298276088,,False
overlapping_thresholds,0.17149999999999999,0.9745479138851748,,False
overlapping_thresholds,0.172,0.9734513338049573,,False
overlapping_thresholds,0.1725,0.9723588769451024,,False
overlapping_thresholds,0.173,0.9712705307759413,,False
overlapping_thresholds,0.1735,0.9701862828786518,,False
overlapping_thresholds,0.174,0.9691061209439393,,False
overlapping_thresholds,0.1745,0.9680300327707395,,False
overlapping_thresholds,0.175,0.9669580062649444,,False
overlapping_thresholds,0.1755,0.9658900294381443,,False
overlapping_thresholds,0.176,0.9648260904063954,,False
overlapping_thresholds,0.1765,0.9637661773890024,,False
overlapping_thresholds,0.177,0.962710278707323,,False
overlapping_thresholds,0.1775,0.9616583827835906,,False
overlapping_thresholds,0.178,0.9606104781397564,,False
overlapping_thresholds,0.1785,0.9595665533963478,,False
overlapping_thresholds,0.179,0.9585265972713469,,False
overlapping_thresholds,0.1795,0.9574905985790855,,False
overlapping_thresholds,0.18,0.9564585462291563,,False
overlapping_thresholds,0.1805,0.955430429225343,,False
overlapping_thresholds,0.181,0.9544062366645658,,False
overlapping_thresholds,0.1815,0.9533859577358427,,False
overlapping_thresholds,0.182,0.9523695817192677,,False
overlapping_thresholds,0.1825,0.9513570979850035,,False
overlapping_thresholds,0.183,0.9503484959922911,,False
overlapping_thresholds,0.1835,0.9493437652884729,,False
overlapping_thresholds,0.184,0.9483428955080309,,False
overlapping_thresholds,0.1845,0.9473458763716401,,False
overlapping_thresholds,0.185,0.9463526976852354,,False
overlapping_thresholds,0.1855,0.9453633493390927,,False
overlapping_thresholds,0.186,0.9443778213069236,,False
overlapping_thresholds,0.1865,0.9433961036449833,,False
overlapping_thresholds,0.187,0.9424181864911926,,False
overlapping_thresholds,0.1875,0.9414440600642713,,False
overlapping_thresholds,0.188,0.9404737146628862,,False
overlapping_thresholds,0.1885,0.9395071406648101,,False
overlapping_thresholds,0.189,0.9385443285260933,,False
overlapping_thresholds,0.1895,0.9375852687802482,,False
overlapping_thresholds,0.19,0.9366299520374439,,False
overlapping_thresholds,0.1905,0.9356783689837146,,False
overlapping_thresholds,0.191,0.9347305103801771,,False
overlapping_thresholds,0.1915,0.9337863670622616,,False
overlapping_thresholds,0.192,0.932845929938952,,False
overlapping_thresholds,0.1925,0.931909189992038,,False
overlapping_thresholds,0.193,0.930976138275377,,False
overlapping_thresholds,0.1935,0.9300467659141667,,False
overlapping_thresholds,0.194,0.9291210641042298,,False
overlapping_thresholds,0.1945,0.9281990241113043,,False
overlapping_thresholds,0.195,0.9272806372703486,,False
overlapping_thresholds,0.1955,0.9263658949848539,,False
overlapping_thresholds,0.196,0.9254547887261662,,False
overlapping_thresholds,0.1965,0.9245473100328178,,False
overlapping_thresholds,0.197,0.9236434505098685,,False
overlapping_thresholds,0.1975,0.9227432018282568,,False
overlapping_thresholds,0.198,0.9218465557241567,,False
overlapping_thresholds,0.1985,0.9209535039983476,,False
overlapping_thresholds,0.199,0.9200640385155896,,False
overlapping_thresholds,0.1995,0.9191781512040083,,False
overlapping_thresholds,0.2,0.9182958340544894,0.9182958340544894,True
overlapping_thresholds,0.2005,0.9182958340544894,0.9182958340544894,True
overlapping_thresholds,0.201,0.9182958340544894,0.9182958340544894,True
overlapping_thresholds,0.2015,0.9182958340544894,0.9182958340544894,True
overlapping_thresholds,0.202,0.9182958340544894,0.9182958340544894,True
overlapping_thresholds,0.2025,0.9182958340544894,0.9182958340544894,True
overlapping_thresholds,0.203,0.9182958340544894,0.9182958340544894,True
overlapping_thresholds,0.20350000000000001,0.9182958340544894,0.9182958340544894,True
overlapping_thresholds,0.20400000000000001,0.9182958340544894,0.9182958340544894,True
overlapping_thresholds,0.20450000000000002,0.9182958340544894,0.9182958340544894,True
overlapping_thresholds,0.20500000000000002,0.9182958340544894,0.9182958340544894,True
overlapping_thresholds,0.20550000000000002,0.9182958340544894,0.9182958340544894,True
overlapping_thresholds,0.20600000000000002,0.9182958340544894,0.9182958340544894,True
overlapping_thresholds,0.20650000000000002,0.9182958340544894,0.9182958340544894,True
overlapping_thresholds,0.20700000000000002,0.9182958340544894,0.9182958340544894,True
overlapping_thresholds,0.20750000000000002,0.9182958340544894,0.9182958340544894,True
overlapping_thresholds,0.20800000000000002,0.9182958340544894,0.9182958340544894,True
overlapping_thresholds,0.20850000000000002,0.9182958340544894,0.9182958340544894,True
overlapping_thresholds,0.20900000000000002,0.9182958340544894,0.9182958340544894,True
overlapping_thresholds,0.20950000000000002,0.9182958340544894,0.9182958340544894,True
overlapping_thresholds,0.21000000000000002,0.9182958340544894,0.9182958340544894,True
overlapping_thresholds,0.21050000000000002,0.9182958340544894,0.9182958340544894,True
overlapping_thresholds,0.21100000000000002,0.9182958340544894,0.9182958340544894,True
overlapping_thresholds,0.21150000000000002,0.9182958340544894,0.9182958340544894,True
overlapping_thresholds,0.21200000000000002,0.9182958340544894,0.9182958340544894,True
overlapping_thresholds,0.21250000000000002,0.9182958340544894,0.9182958340544894,True
overlapping_thresholds,0.21300000000000002,0.9182958340544894,0.9182958340544894,True
overlapping_thresholds,0.21350000000000002,0.9182958340544894,0.9182958340544894,True
overlapping_thresholds,0.21400000000000002,0.9182958340544894,0.9182958340544894,True
overlapping_thresholds,0.21450000000000002,0.9182958340544894,0.9182958340544894,True
overlapping_thresholds,0.21500000000000002,0.9182958340544894,0.9182958340544894,True
overlapping_thresholds,0.21550000000000002,0.9182958340544894,0.9182958340544894,True
overlapping_thresholds,0.21600000000000003,0.9182958340544894,0.9182958340544894,True
overlapping_thresholds,0.21650000000000003,0.9182958340544894,0.9182958340544894,True
overlapping_thresholds,0.21700000000000003,0.9182958340544894,0.9182958340544894,True
overlapping_thresholds,0.21750000000000003,0.9182958340544894,0.9182958340544894,True
overlapping_thresholds,0.21800000000000003,0.9182958340544894,0.9182958340544894,True
overlapping_thresholds,0.21850000000000003,0.9182958340544894,0.9182958340544894,True
overlapping_thresholds,0.21900000000000003,0.9182958340544894,0.9182958340544894,True
overlapping_thresholds,0.21950000000000003,0.9182958340544894,0.9182958340544894,True
overlapping_thresholds,0.22000000000000003,0.9182958340544894,0.9182958340544894,True
overlapping_thresholds,0.22050000000000003,0.9182958340544894,0.9182958340544894,True
overlapping_thresholds,0.22100000000000003,0.9182958340544894,0.9182958340544894,True
overlapping_thresholds,0.22150000000000003,0.9182958340544894,0.9182958340544894,True
overlapping_thresholds,0.22200000000000003,0.9182958340544894,0.9182958340544894,True
overlapping_thresholds,0.22250000000000003,0.9182958340544894,0.9182958340544894,True
overlapping_thresholds,0.22300000000000003,0.9182958340544894,0.9182958340544894,True
overlapping_thresholds,0.22350000000000003,0.9182958340544894,0.9182958340544894,True
overlapping_thresholds,0.22400000000000003,0.9182958340544894,0.9182958340544894,True
overlapping_thresholds,0.22450000000000003,0.9182958340544894,0.9182958340544894,True
overlapping_thresholds,0.22500000000000003,0.9182958340544894,0.9182958340544894,True
overlapping_thresholds,0.22550000000000003,0.9182958340544894,0.9182958340544894,True
overlapping_thresholds,0.22599999999999998,0.9182958340544894,0.9182958340544894,True
overlapping_thresholds,0.22649999999999998,0.9182958340544894,0.9182958340544894,True
overlapping_thresholds,0.22699999999999998,0.9182958340544894,0.9182958340544894,True
overlapping_thresholds,0.22749999999999998,0.9182958340544894,0.9182958340544894,True
overlapping_thresholds,0.22799999999999998,0.9182958340544894,0.9182958340544894,True
overlapping_thresholds,0.22849999999999998,0.9182958340544894,0.9182958340544894,True
overlapping_thresholds,0.22899999999999998,0.9182958340544894,0.9182958340544894,True
overlapping_thresholds,0.22949999999999998,0.9182958340544894,0.9182958340544894,True
overlapping_thresholds,0.22999999999999998,0.9182958340544894,0.9182958340544894,True
overlapping_thresholds,0.23049999999999998,0.9182958340544894,0.9182958340544894,True
overlapping_thresholds,0.23099999999999998,0.9182958340544894,0.9182958340544894,True
overlapping_thresholds,0.23149999999999998,0.9182958340544894,0.9182958340544894,True
overlapping_thresholds,0.23199999999999998,0.9182958340544894,0.9182958340544894,True
overlapping_thresholds,0.23249999999999998,0.9182958340544894,0.9182958340544894,True
overlapping_thresholds,0.23299999999999998,0.9182958340544894,0.9182958340544894,True
overlapping_thresholds,0.23349999999999999,0.9182958340544894,0.9182958340544894,True
overlapping_thresholds,0.23399999999999999,0.9182958340544894,0.9182958340544894,True
overlapping_thresholds,0.2345,0.9182958340544894,0.9182958340544894,True
overlapping_thresholds,0.235,0.9182958340544894,0.9182958340544894,True
overlapping_thresholds,0.2355,0.9182958340544894,0.9182958340544894,True
overlapping_thresholds,0.236,0.9182958340544894,0.9182958340544894,True
overlapping_thresholds,0.2365,0.9182958340544894,0.9182958340544894,True
overlapping_thresholds,0.237,0.9182958340544894,0.9182958340544894,True
overlapping_thresholds,0.2375,0.9182958340544894,0.9182958340544894,True
overlapping_thresholds,0.238,0.9182958340544894,0.9182958340544894,True
overlapping_thresholds,0.2385,0.9182958340544894,0.9182958340544894,True
overlapping_thresholds,0.239,0.9182958340544894,0.9182958340544894,True
overlapping_thresholds,0.2395,0.9182958340544894,0.9182958340544894,True
overlapping_thresholds,0.24,0.9182958340544894,0.9182958340544894,True
overlapping_thresholds,0.2405,0.9182958340544894,0.9182958340544894,True
overlapping_thresholds,0.241,0.9182958340544894,0.9182958340544894,True
overlapping_thresholds,0.2415,0.9182958340544894,0.9182958340544894,True
overlapping_thresholds,0.242,0.9182958340544894,0.9182958340544894,True
overlapping_thresholds,0.2425,0.9182958340544894,0.9182958340544894,True
overlapping_thresholds,0.243,0.9182958340544894,0.9182958340544894,True
overlapping_thresholds,0.2435,0.9182958340544894,0.9182958340544894,True
overlapping_thresholds,0.244,0.9182958340544894,0.9182958340544894,True
overlapping_thresholds,0.2445,0.9182958340544894,0.9182958340544894,True
overlapping_thresholds,0.245,0.9182958340544894,0.9182958340544894,True
overlapping_thresholds,0.2455,0.9182958340544894,0.9182958340544894,True
overlapping_thresholds,0.246,0.9182958340544894,0.9182958340544894,True
overlapping_thresholds,0.2465,0.9182958340544894,0.9182958340544894,True
overlapping_thresholds,0.247,0.9182958340544894,0.9182958340544894,True
overlapping_thresholds,0.2475,0.9182958340544894,0.9182958340544894,True
overlapping_thresholds,0.248,0.9182958340544894,0.9182958340544894,True
overlapping_thresholds,0.2485,0.9182958340544894,0.9182958340544894,True
overlapping_thresholds,0.249,0.9182958340544894,0.9182958340544894,True
overlapping_thresholds,0.2495,0.9182958340544894,0.9182958340544894,True
overlapping_thresholds,0.25,0.9182958340544894,0.9182958340544894,True
variable_confidence,0.25,1.0,1.0,True
complementary_confidence_family,0.25,1.0,1.0,True
variable_confidence,0.250625,0.9515276969687643,0.9861429385370923,True
complementary_confidence_family,0.250625,0.9861429385370923,0.9861429385370923,True
variable_confidence,0.25125,0.9156695342516629,0.9747881341070657,True
complementary_confidence_family,0.25125,0.9747881341070657,0.9747881341070657,True
variable_confidence,0.251875,0.8846450221541119,0.9643791989159869,True
complementary_confidence_family,0.251875,0.9643791989159869,0.9643791989159869,True
variable_confidence,0.2525,0.8568015214397865,0.9545853076662059,True
complementary_confidence_family,0.2525,0.9545853076662059,0.9545853076662059,True
variable_confidence,0.253125,0.8313549666727296,0.9452493419264659,True
complementary_confidence_family,0.253125,0.9452493419264659,0.9452493419264659,True
variable_confidence,0.25375,0.8078442278275026,0.9362787621450699,True
complementary_confidence_family,0.25375,0.9362787621450699,0.9362787621450699,True
variable_confidence,0.254375,0.7859651848908978,0.9276124222598477,True
complementary_confidence_family,0.254375,0.9276124222598477,0.9276124222598477,True
variable_confidence,0.255,0.7655022013434375,0.9192068641040888,True
complementary_confidence_family,0.255,0.9192068641040888,0.9192068641040888,True
variable_confidence,0.255625,0.7462945120722757,0.9110295947639744,True
complementary_confidence_family,0.255625,0.9110295947639744,0.9110295947639744,True
variable_confidence,0.25625,0.7282177605247024,0.9030553939375271,True
complementary_confidence_family,0.25625,0.9030553939375271,0.9030553939375271,True
variable_confidence,0.256875,0.7111730003468888,0.8952641145073114,True
complementary_confidence_family,0.256875,0.8952641145073114,0.8952641145073114,True
variable_confidence,0.2575,0.6950797279201721,0.8876392899006231,True
complementary_confidence_family,0.2575,0.8876392899006231,0.8876392899006231,True
variable_confidence,0.258125,0.6798712470269854,0.8801672089880579,True
complementary_confidence_family,0.258125,0.8801672089880579,0.8801672089880579,True
variable_confidence,0.25875,0.6654914554315476,0.8728362773303644,True
complementary_confidence_family,0.25875,0.8728362773303644,0.8728362773303644,True
variable_confidence,0.259375,0.6518925317063242,0.8656365618510681,True
complementary_confidence_family,0.259375,0.8656365618510681,0.8656365618510681,True
variable_confidence,0.26,0.6390332034911785,0.8585594574581792,True
complementary_confidence_family,0.26,0.8585594574581792,0.8585594574581792,True
variable_confidence,0.260625,0.6268773876768039,0.8515974373254511,True
complementary_confidence_family,0.260625,0.8515974373254511,0.8515974373254511,True
variable_confidence,0.26125,0.6153930513801183,0.8447438621256644,True
complementary_confidence_family,0.26125,0.8447438621256644,0.8447438621256644,True
variable_confidence,0.261875,0.6045511715355911,0.8379928317806675,True
complementary_confidence_family,0.261875,0.8379928317806675,0.8379928317806675,True
variable_confidence,0.2625,0.5943246841632799,0.8313390685033297,True
complementary_confidence_family,0.2625,0.8313390685033297,0.8313390685033297,True
variable_confidence,0.263125,0.5846873267468748,0.8247778232857681,True
complementary_confidence_family,0.263125,0.8247778232857681,0.8247778232857681,True
variable_confidence,0.26375,0.5756123130535846,0.8183048002368728,True
complementary_confidence_family,0.26375,0.8183048002368728,0.8183048002368728,True
variable_confidence,0.264375,0.5670708767129069,0.8119160947029025,True
complementary_confidence_family,0.264375,0.8119160947029025,0.8119160947029025,True
variable_confidence,0.265,0.5590309081065694,0.8056081421684237,True
complementary_confidence_family,0.265,0.8056081421684237,0.8056081421684237,True
variable_confidence,0.265625,0.5514561404301098,0.7993776756872853,True
complementary_confidence_family,0.265625,0.7993776756872853,0.7993776756872853,True
variable_confidence,0.26625,0.5443064118378029,0.7932216901345779,True
complementary_confidence_family,0.26625,0.7932216901345779,0.7932216901345779,True
variable_confidence,0.266875,0.5375391985892088,0.7871374119656764,True
complementary_confidence_family,0.266875,0.7871374119656764,0.7871374119656764,True
variable_confidence,0.2675,0.5311119747427034,0.7811222734609888,True
complementary_confidence_family,0.2675,0.7811222734609888,0.7811222734609888,True
variable_confidence,0.268125,0.5249845377002714,0.775173890654264,True
complementary_confidence_family,0.268125,0.775173890654264,0.775173890654264,True
variable_confidence,0.26875,0.519120609131565,0.7692900443085237,True
complementary_confidence_family,0.26875,0.7692900443085237,0.7692900443085237,True
variable_confidence,0.269375,0.5134885260770647,0.7634686634310727,True
complementary_confidence_family,0.269375,0.7634686634310727,0.7634686634310727,True
variable_confidence,0.27,0.5080612222315116,0.7577078109175851,True
complementary_confidence_family,0.27,0.7577078109175851,0.7577078109175851,True
variable_confidence,0.270625,0.5028158079186626,0.7520056709922489,True
complementary_confidence_family,0.270625,0.7520056709922489,0.7520056709922489,True
variable_confidence,0.27125,0.4977329950880802,0.7463605381715612,True
complementary_confidence_family,0.27125,0.7463605381715612,0.7463605381715612,True
variable_confidence,0.271875,0.49279651282939185,0.7407708075275063,True
complementary_confidence_family,0.271875,0.7407708075275063,0.7407708075275063,True
variable_confidence,0.2725,0.4879925809305701,0.7352349660643192,True
complementary_confidence_family,0.2725,0.7352349660643192,0.7352349660643192,True
variable_confidence,0.273125,0.4833094632708175,0.7297515850540476,True
complementary_confidence_family,0.273125,0.7297515850540476,0.7297515850540476,True
variable_confidence,0.27375,0.47873710051518426,0.7243193132012349,True
complementary_confidence_family,0.27375,0.7243193132012349,0.7243193132012349,True
variable_confidence,0.274375,0.474266812659332,0.7189368705275576,True
complementary_confidence_family,0.274375,0.7189368705275576,0.7189368705275576,True
variable_confidence,0.275,0.46989105969099265,0.7136030428840436,True
complementary_confidence_family,0.275,0.7136030428840436,0.7136030428840436,True
variable_confidence,0.275625,0.4656032492243849,0.7083166770123757,True
complementary_confidence_family,0.275625,0.7083166770123757,0.7083166770123757,True
variable_confidence,0.27625,0.461397581558217,0.7030766760882696,True
complementary_confidence_family,0.27625,0.7030766760882696,0.7030766760882696,True
variable_confidence,0.276875,0.45726892436765587,0.6978819956895117,True
complementary_confidence_family,0.276875,0.6978819956895117,0.6978819956895117,True
variable_confidence,0.2775,0.4532127108342944,0.69273164013924,True
complementary_confidence_family,0.2775,0.69273164013924,0.69273164013924,True
variable_confidence,0.278125,0.4492248563473217,0.6876246591818109,True
complementary_confidence_family,0.278125,0.6876246591818109,0.6876246591818109,True
variable_confidence,0.27875,0.44530168997351804,0.6825601449542696,True
complementary_confidence_family,0.27875,0.6825601449542696,0.6825601449542696,True
variable_confidence,0.279375,0.44143989772824654,0.677537229221289,True
complementary_confidence_family,0.279375,0.677537229221289,0.677537229221289,True
variable_confidence,0.28,0.43763647532704253,0.6725550808455236,True
complementary_confidence_family,0.28,0.6725550808455236,0.6725550808455236,True
variable_confidence,0.280625,0.4338886885974842,0.6676129034688543,True
complementary_confidence_family,0.280625,0.6676129034688543,0.6676129034688543,True
variable_confidence,0.28125,0.4301940401169343,0.6627099333829861,True
complementary_confidence_family,0.28125,0.6627099333829861,0.6627099333829861,True
variable_confidence,0.281875,0.42655024094021254,0.6578454375704639,True
complementary_confidence_family,0.281875,0.6578454375704639,0.6578454375704639,True
variable_confidence,0.2825,0.4229551865126564,0.6530187118993867,True
complementary_confidence_family,0.2825,0.6530187118993867,0.6530187118993867,True
variable_confidence,0.283125,0.4194069360443192,0.6482290794570372,True
complementary_confidence_family,0.283125,0.6482290794570372,0.6482290794570372,True
variable_confidence,0.28375,0.4159036947621354,0.6434758890093186,True
complementary_confidence_family,0.28375,0.6434758890093186,0.6434758890093186,True
variable_confidence,0.284375,0.41244379856783375,0.6387585135743399,True
complementary_confidence_family,0.284375,0.6387585135743399,0.6387585135743399,True
variable_confidence,0.28500000000000003,0.40902570071716193,0.6340763490997766,True
complementary_confidence_family,0.28500000000000003,0.6340763490997766,0.6340763490997766,True
variable_confidence,0.285625,0.40564796020570704,0.6294288132347343,True
complementary_confidence_family,0.285625,0.6294288132347343,0.6294288132347343,True
variable_confidence,0.28625,0.4023092316024113,0.6248153441878193,True
complementary_confidence_family,0.28625,0.6248153441878193,0.6248153441878193,True
variable_confidence,0.286875,0.39900825611664315,0.6202353996639898,True
complementary_confidence_family,0.286875,0.6202353996639898,0.6202353996639898,True
variable_confidence,0.2875,0.39574385372090226,0.615688455873503,True
complementary_confidence_family,0.2875,0.615688455873503,0.615688455873503,True
variable_confidence,0.288125,0.3925149161806124,0.6111740066069522,True
complementary_confidence_family,0.288125,0.6111740066069522,0.6111740066069522,True
variable_confidence,0.28875,0.38932040086641906,0.6066915623709734,True
complementary_confidence_family,0.28875,0.6066915623709734,0.6066915623709734,True
variable_confidence,0.289375,0.3861593252440655,0.6022406495797267,True
complementary_confidence_family,0.289375,0.6022406495797267,0.6022406495797267,True
variable_confidence,0.29,0.3830307619531028,0.5978208097977273,True
complementary_confidence_family,0.29,0.5978208097977273,0.5978208097977273,True
variable_confidence,0.290625,0.3799338343990518,0.593431599030011,True
complementary_confidence_family,0.290625,0.593431599030011,0.593431599030011,True
variable_confidence,0.29125,0.376867712794825,0.5890725870559954,True
complementary_confidence_family,0.29125,0.5890725870559954,0.5890725870559954,True
variable_confidence,0.291875,0.37383161059637804,0.5847433568037189,True
complementary_confidence_family,0.291875,0.5847433568037189,0.5847433568037189,True
variable_confidence,0.2925,0.3708247812854505,0.580443503761453,True
complementary_confidence_family,0.2925,0.580443503761453,0.580443503761453,True
variable_confidence,0.293125,0.3678465154587156,0.5761726354239318,True
complementary_confidence_family,0.293125,0.5761726354239318,0.5761726354239318,True
variable_confidence,0.29375,0.3648961381882001,0.5719303707706936,True
complementary_confidence_family,0.29375,0.5719303707706936,0.5719303707706936,True
variable_confidence,0.294375,0.3619730066225003,0.5677163397742372,True
complementary_confidence_family,0.294375,0.5677163397742372,0.5677163397742372,True
variable_confidence,0.295,0.3590765078022963,0.5635301829358972,True
complementary_confidence_family,0.295,0.5635301829358972,0.5635301829358972,True
variable_confidence,0.295625,0.3562060566670463,0.5593715508475081,True
complementary_confidence_family,0.295625,0.5593715508475081,0.5593715508475081,True
variable_confidence,0.29625,0.35336109423264184,0.5552401037770969,True
complementary_confidence_family,0.29625,0.5552401037770969,0.5552401037770969,True
variable_confidence,0.296875,0.3505410859222934,0.5511355112769705,True
complementary_confidence_family,0.296875,0.5511355112769705,0.5511355112769705,True
variable_confidence,0.2975,0.34774552003505343,0.5470574518127169,True
complementary_confidence_family,0.2975,0.5470574518127169,0.5470574518127169,True
variable_confidence,0.298125,0.3449739063382289,0.5430056124117324,True
complementary_confidence_family,0.298125,0.5430056124117324,0.5430056124117324,True
variable_confidence,0.29875,0.34222577477154315,0.5389796883300162,True
complementary_confidence_family,0.29875,0.5389796883300162,0.5389796883300162,True
variable_confidence,0.299375,0.3395006742522819,0.5349793827360554,True
complementary_confidence_family,0.299375,0.5349793827360554,0.5349793827360554,True
variable_confidence,0.3,0.33679817157188197,0.5310044064107189,True
complementary_confidence_family,0.3,0.5310044064107189,0.5310044064107189,True
variable_confidence,0.30062500000000003,0.3341178503754505,0.5270544774621623,True
complementary_confidence_family,0.30062500000000003,0.5270544774621623,0.5270544774621623,True
variable_confidence,0.30125,0.3314593102166845,0.5231293210548174,True
complementary_confidence_family,0.30125,0.5231293210548174,0.5231293210548174,True
variable_confidence,0.301875,0.32882216568134415,0.5192286691516008,True
complementary_confidence_family,0.301875,0.5192286691516008,0.5192286691516008,True
variable_confidence,0.3025,0.3262060455733179,0.5153522602685546,True
complementary_confidence_family,0.3025,0.5153522602685546,0.5153522602685546,True
variable_confidence,0.303125,0.32361059215778054,0.5114998392411718,True
complementary_confidence_family,0.303125,0.5114998392411718,0.5114998392411718,True
variable_confidence,0.30375,0.3210354604565956,0.5076711570017222,True
complementary_confidence_family,0.30375,0.5076711570017222,0.5076711570017222,True
variable_confidence,0.304375,0.3184803175915639,0.5038659703669397,True
complementary_confidence_family,0.304375,0.5038659703669397,0.5038659703669397,True
variable_confidence,0.305,0.31594484217155916,0.500084041835472,True
complementary_confidence_family,0.305,0.500084041835472,0.500084041835472,True
variable_confidence,0.305625,0.3134287237199763,0.4963251393945425,True
complementary_confidence_family,0.305625,0.4963251393945425,0.4963251393945425,True
variable_confidence,0.30625,0.31093166213926005,0.49258903633530304,True
complementary_confidence_family,0.30625,0.49258903633530304,0.49258903633530304,True
variable_confidence,0.306875,0.30845336720958405,0.48887551107639815,True
complementary_confidence_family,0.306875,0.48887551107639815,0.48887551107639815,True
variable_confidence,0.3075,0.3059935581190195,0.48518434699528457,True
complementary_confidence_family,0.3075,0.48518434699528457,0.48518434699528457,True
variable_confidence,0.308125,0.303551963022781,0.48151533226689025,True
complementary_confidence_family,0.308125,0.48151533226689025,0.48151533226689025,True
variable_confidence,0.30875,0.30112831862935296,0.4778682597092142,True
complementary_confidence_family,0.30875,0.4778682597092142,0.4778682597092142,True
variable_confidence,0.309375,0.2987223698114916,0.47424292663550016,True
complementary_confidence_family,0.309375,0.47424292663550016,0.47424292663550016,True
variable_confidence,0.31,0.29633386924027283,0.47063913471263563,True
complementary_confidence_family,0.31,0.47063913471263563,0.47063913471263563,True
variable_confidence,0.310625,0.293962577040523,0.467056689825455,True
complementary_confidence_family,0.310625,0.467056689825455,0.467056689825455,True
variable_confidence,0.31125,0.2916082604661028,0.4634954019466402,True
complementary_confidence_family,0.31125,0.4634954019466402,0.4634954019466402,True
variable_confidence,0.311875,0.2892706935936288,0.4599550850119354,True
complementary_confidence_family,0.311875,0.4599550850119354,0.4599550850119354,True
variable_confidence,0.3125,0.2869496570333915,0.4564355568004036,True
complementary_confidence_family,0.3125,0.4564355568004036,0.4564355568004036,True
variable_confidence,0.313125,0.2846449376562381,0.4529366388194771,True
complementary_confidence_family,0.313125,0.4529366388194771,0.4529366388194771,True
variable_confidence,0.31375,0.2823563283353766,0.44945815619456275,True
complementary_confidence_family,0.31375,0.44945815619456275,0.44945815619456275,True
variable_confidence,0.314375,0.28008362770208883,0.4459999375629782,True
complementary_confidence_family,0.314375,0.4459999375629782,0.4459999375629782,True
variable_confidence,0.315,0.27782663991443557,0.44256181497201097,True
complementary_confidence_family,0.315,0.44256181497201097,0.44256181497201097,True
variable_confidence,0.315625,0.27558517443810815,0.4391436237808971,True
complementary_confidence_family,0.315625,0.4391436237808971,0.4391436237808971,True
variable_confidence,0.31625000000000003,0.2733590458386447,0.43574520256654026,True
complementary_confidence_family,0.31625000000000003,0.43574520256654026,0.43574520256654026,True
variable_confidence,0.316875,0.27114807358428805,0.43236639303279,True
complementary_confidence_family,0.316875,0.43236639303279,0.43236639303279,True
variable_confidence,0.3175,0.2689520818588169,0.4290070399231103,True
complementary_confidence_family,0.3175,0.4290070399231103,0.4290070399231103,True
variable_confidence,0.318125,0.2667708993837308,0.42566699093648985,True
complementary_confidence_family,0.318125,0.42566699093648985,0.42566699093648985,True
variable_confidence,0.31875,0.26460435924921877,0.42234609664643685,True
complementary_confidence_family,0.31875,0.42234609664643685,0.42234609664643685,True
variable_confidence,0.319375,0.2624522987533717,0.4190442104229233,True
complementary_confidence_family,0.319375,0.4190442104229233,0.4190442104229233,True
variable_confidence,0.32,0.2603145592491565,0.41576118835714404,True
complementary_confidence_family,0.32,0.41576118835714404,0.41576118835714404,True
variable_confidence,0.320625,0.2581909859986774,0.4124968891889641,True
complementary_confidence_family,0.320625,0.4124968891889641,0.4124968891889641,True
variable_confidence,0.32125000000000004,0.2560814280343132,0.40925117423693735,True
complementary_confidence_family,0.32125000000000004,0.40925117423693735,0.40925117423693735,True
variable_confidence,0.321875,0.25398573802632174,0.4060239073307841,True
complementary_confidence_family,0.321875,0.4060239073307841,0.4060239073307841,True
variable_confidence,0.3225,0.25190377215654436,0.40281495474621587,True
complementary_confidence_family,0.3225,0.40281495474621587,0.40281495474621587,True
variable_confidence,0.323125,0.2498353899978667,0.3996241851420129,True
complementary_confidence_family,0.323125,0.3996241851420129,0.3996241851420129,True
variable_confidence,0.32375,0.24778045439911334,0.39645146949925403,True
complementary_confidence_family,0.32375,0.39645146949925403,0.39645146949925403,True
variable_confidence,0.32437499999999997,0.24573883137507224,0.3932966810626076,True
complementary_confidence_family,0.32437499999999997,0.3932966810626076,0.3932966810626076,True
variable_confidence,0.325,0.2437103900013714,0.3901596952835995,True
complementary_confidence_family,0.325,0.3901596952835995,0.3901596952835995,True
variable_confidence,0.325625,0.24169500231394236,0.3870403897657737,True
complementary_confidence_family,0.325625,0.3870403897657737,0.3870403897657737,True
variable_confidence,0.32625,0.23969254321282496,0.3839386442116669,True
complementary_confidence_family,0.32625,0.3839386442116669,0.3839386442116669,True
variable_confidence,0.326875,0.2377028903700784,0.3808543403715243,True
complementary_confidence_family,0.326875,0.3808543403715243,0.3808543403715243,True
variable_confidence,0.3275,0.2357259241416143,0.37778736199368657,True
complementary_confidence_family,0.3275,0.37778736199368657,0.37778736199368657,True
variable_confidence,0.328125,0.23376152748266554,0.37473759477657687,True
complementary_confidence_family,0.328125,0.37473759477657687,0.37473759477657687,True
variable_confidence,0.32875,0.23180958586681477,0.37170492632222796,True
complementary_confidence_family,0.32875,0.37170492632222796,0.37170492632222796,True
variable_confidence,0.329375,0.2298699872083173,0.36868924609128606,True
complementary_confidence_family,0.329375,0.36868924609128606,0.36868924609128606,True
variable_confidence,0.33,0.22794262178758418,0.36569044535943385,True
complementary_confidence_family,0.33,0.36569044535943385,0.36569044535943385,True
variable_confidence,0.330625,0.22602738217966478,0.3627084171751789,True
complementary_confidence_family,0.330625,0.3627084171751789,0.3627084171751789,True
variable_confidence,0.33125,0.22412416318557649,0.35974305631894965,True
complementary_confidence_family,0.33125,0.35974305631894965,0.35974305631894965,True
variable_confidence,0.33187500000000003,0.22223286176634627,0.3567942592634543,True
complementary_confidence_family,0.33187500000000003,0.3567942592634543,0.3567942592634543,True
variable_confidence,0.3325,0.22035337697962953,0.35386192413525364,True
complementary_confidence_family,0.3325,0.35386192413525364,0.35386192413525364,True
variable_confidence,0.333125,0.2184856099187824,0.3509459506774958,True
complementary_confidence_family,0.333125,0.3509459506774958,0.3509459506774958,True
variable_confidence,0.33375,0.21662946365426983,0.34804624021377795,True
complementary_confidence_family,0.33375,0.34804624021377795,0.34804624021377795,True
variable_confidence,0.334375,0.21478484317730318,0.3451626956130869,True
complementary_confidence_family,0.334375,0.3451626956130869,0.3451626956130869,True
variable_confidence,0.335,0.212951655345597,0.3422952212557804,True
complementary_confidence_family,0.335,0.3422952212557804,0.3422952212557804,True
variable_confidence,0.335625,0.21112980883115173,0.3394437230005726,True
complementary_confidence_family,0.335625,0.3394437230005726,0.3394437230005726,True
variable_confidence,0.33625,0.2093192140699658,0.3366081081524821,True
complementary_confidence_family,0.33625,0.3366081081524821,0.3366081081524821,True
variable_confidence,0.33687500000000004,0.20751978321359132,0.3337882854317148,True
complementary_confidence_family,0.33687500000000004,0.3337882854317148,0.3337882854317148,True
variable_confidence,0.3375,0.20573143008244954,0.3309841649434422,True
complementary_confidence_family,0.3375,0.3309841649434422,0.3309841649434422,True
variable_confidence,0.338125,0.20395407012082678,0.3281956581484452,True
complementary_confidence_family,0.338125,0.3281956581484452,0.3281956581484452,True
variable_confidence,0.33875,0.2021876203534767,0.32542267783459244,True
complementary_confidence_family,0.33875,0.32542267783459244,0.32542267783459244,True
variable_confidence,0.339375,0.200431999343758,0.32266513808912567,True
complementary_confidence_family,0.339375,0.32266513808912567,0.32266513808912567,True
variable_confidence,0.33999999999999997,0.19868712715324244,0.31992295427172024,True
complementary_confidence_family,0.33999999999999997,0.31992295427172024,0.31992295427172024,True
variable_confidence,0.340625,0.19695292530272512,0.3171960429882974,True
complementary_confidence_family,0.340625,0.3171960429882974,0.3171960429882974,True
variable_confidence,0.34125,0.19522931673458288,0.3144843220655609,True
complementary_confidence_family,0.34125,0.3144843220655609,0.3144843220655609,True
variable_confidence,0.341875,0.19351622577641714,0.31178771052623144,True
complementary_confidence_family,0.341875,0.31178771052623144,0.31178771052623144,True
variable_confidence,0.3425,0.1918135781059327,0.309106128564959,True
complementary_confidence_family,0.3425,0.309106128564959,0.309106128564959,True
variable_confidence,0.343125,0.19012130071699862,0.30643949752488875,True
complementary_confidence_family,0.343125,0.30643949752488875,0.30643949752488875,True
variable_confidence,0.34375,0.18843932188683898,0.3037877398748542,True
complementary_confidence_family,0.34375,0.3037877398748542,0.3037877398748542,True
variable_confidence,0.344375,0.18676757114431286,0.30115077918718514,True
complementary_confidence_family,0.344375,0.30115077918718514,0.30115077918718514,True
variable_confidence,0.345,0.18510597923923489,0.29852854011610275,True
complementary_confidence_family,0.345,0.29852854011610275,0.29852854011610275,True
variable_confidence,0.345625,0.18345447811269533,0.2959209483766855,True
complementary_confidence_family,0.345625,0.2959209483766855,0.2959209483766855,True
variable_confidence,0.34625,0.18181300086834096,0.2933279307243881,True
complementary_confidence_family,0.34625,0.2933279307243881,0.2933279307243881,True
variable_confidence,0.346875,0.18018148174457504,0.29074941493509343,True
complementary_confidence_family,0.346875,0.29074941493509343,0.29074941493509343,True
variable_confidence,0.34750000000000003,0.1785598560876438,0.28818532978568023,True
complementary_confidence_family,0.34750000000000003,0.28818532978568023,0.28818532978568023,True
variable_confidence,0.348125,0.17694806032557342,0.2856356050350948,True
complementary_confidence_family,0.348125,0.2856356050350948,0.2856356050350948,True
variable_confidence,0.34875,0.1753460319429221,0.2831001714059014,True
complementary_confidence_family,0.34875,0.2831001714059014,0.2831001714059014,True
variable_confidence,0.349375,0.17375370945631963,0.28057896056630727,True
complementary_confidence_family,0.349375,0.28057896056630727,0.28057896056630727,True
variable_confidence,0.35,0.17217103239075993,0.2780719051126377,True
complementary_confidence_family,0.35,0.2780719051126377,0.2780719051126377,True
variable_confidence,0.350625,0.17059794125662364,0.27557893855225357,True
complementary_confidence_family,0.350625,0.27557893855225357,0.27557893855225357,True
variable_confidence,0.35125,0.1690343775273958,0.2730999952868951,True
complementary_confidence_family,0.35125,0.2730999952868951,0.2730999952868951,True
variable_confidence,0.351875,0.16748028361805978,0.2706350105964366,True
complementary_confidence_family,0.351875,0.2706350105964366,0.2706350105964366,True
variable_confidence,0.35250000000000004,0.165935602864136,0.26818392062304475,True
complementary_confidence_family,0.35250000000000004,0.26818392062304475,0.26818392062304475,True
variable_confidence,0.353125,0.16440027950134817,0.2657466623557253,True
complementary_confidence_family,0.353125,0.2657466623557253,0.2657466623557253,True
variable_confidence,0.35375,0.1628742586458869,0.26332317361524227,True
complementary_confidence_family,0.35375,0.26332317361524227,0.26332317361524227,True
variable_confidence,0.354375,0.1613574862752546,0.26091339303940864,True
complementary_confidence_family,0.354375,0.26091339303940864,0.26091339303940864,True
variable_confidence,0.355,0.15984990920966835,0.2585172600687262,True
complementary_confidence_family,0.355,0.2585172600687262,0.2585172600687262,True
variable_confidence,0.35562499999999997,0.15835147509399983,0.2561347149323724,True
complementary_confidence_family,0.35562499999999997,0.2561347149323724,0.2561347149323724,True
variable_confidence,0.35625,0.15686213238023528,0.2537656986345189,True
complementary_confidence_family,0.35625,0.2537656986345189,0.2537656986345189,True
variable_confidence,0.356875,0.15538183031043606,0.2514101529409771,True
complementary_confidence_family,0.356875,0.2514101529409771,0.2514101529409771,True
variable_confidence,0.3575,0.15391051890018037,0.2490680203661536,True
complementary_confidence_family,0.3575,0.2490680203661536,0.2490680203661536,True
variable_confidence,0.358125,0.15244814892247427,0.246739244160315,True
complementary_confidence_family,0.358125,0.246739244160315,0.246739244160315,True
variable_confidence,0.35875,0.1509946718921089,0.24442376829714751,True
complementary_confidence_family,0.35875,0.24442376829714751,0.24442376829714751,True
variable_confidence,0.359375,0.1495500400504559,0.24212153746160459,True
complementary_confidence_family,0.359375,0.24212153746160459,0.24212153746160459,True
variable_confidence,0.36,0.14811420635067862,0.23983249703803444,True
complementary_confidence_family,0.36,0.23983249703803444,0.23983249703803444,True
variable_confidence,0.360625,0.14668712444335186,0.23755659309858013,True
complementary_confidence_family,0.360625,0.23755659309858013,0.23755659309858013,True
variable_confidence,0.36125,0.14526874866247175,0.23529377239184224,True
complementary_confidence_family,0.36125,0.23529377239184224,0.23529377239184224,True
variable_confidence,0.361875,0.14385903401184386,0.23304398233180146,True
complementary_confidence_family,0.361875,0.23304398233180146,0.23304398233180146,True
variable_confidence,0.3625,0.14245793615183788,0.23080717098698622,True
complementary_confidence_family,0.3625,0.23080717098698622,0.23080717098698622,True
variable_confidence,0.36312500000000003,0.14106541138649598,0.22858328706988762,True
complementary_confidence_family,0.36312500000000003,0.22858328706988762,0.22858328706988762,True
variable_confidence,0.36375,0.13968141665098344,0.2263722799266079,True
complementary_confidence_family,0.36375,0.2263722799266079,0.2263722799266079,True
variable_confidence,0.364375,0.1383059094993695,0.2241740995267384,True
complementary_confidence_family,0.364375,0.2241740995267384,0.2241740995267384,True
variable_confidence,0.365,0.13693884809272905,0.2219886964534623,True
complementary_confidence_family,0.365,0.2219886964534623,0.2219886964534623,True
variable_confidence,0.365625,0.13558019118755482,0.21981602189387295,True
complementary_confidence_family,0.365625,0.21981602189387295,0.21981602189387295,True
variable_confidence,0.36625,0.1342298981244685,0.2176560276295052,True
complementary_confidence_family,0.36625,0.2176560276295052,0.2176560276295052,True
variable_confidence,0.366875,0.1328879288172229,0.21550866602707175,True
complementary_confidence_family,0.366875,0.21550866602707175,0.21550866602707175,True
variable_confidence,0.3675,0.1315542437419851,0.21337389002939888,True
complementary_confidence_family,0.3675,0.21337389002939888,0.21337389002939888,True
variable_confidence,0.36812500000000004,0.13022880392689207,0.21125165314655825,True
complementary_confidence_family,0.36812500000000004,0.21125165314655825,0.21125165314655825,True
variable_confidence,0.36875,0.1289115709418711,0.2091419094471899,True
complementary_confidence_family,0.36875,0.2091419094471899,0.2091419094471899,True
variable_confidence,0.369375,0.12760250688871388,0.2070446135500058,True
complementary_confidence_family,0.369375,0.2070446135500058,0.2070446135500058,True
variable_confidence,0.37,0.12630157439140022,0.20495972061547774,True
complementary_confidence_family,0.37,0.20495972061547774,0.20495972061547774,True
variable_confidence,0.370625,0.12500873658666234,0.20288718633769853,True
complementary_confidence_family,0.370625,0.20288718633769853,0.20288718633769853,True
variable_confidence,0.37124999999999997,0.12372395711477968,0.20082696693641422,True
complementary_confidence_family,0.37124999999999997,0.20082696693641422,0.20082696693641422,True
variable_confidence,0.371875,0.12244720011060162,0.1987790191492227,True
complementary_confidence_family,0.371875,0.1987790191492227,0.1987790191492227,True
variable_confidence,0.3725,0.12117843019478958,0.1967433002239357,True
complementary_confidence_family,0.3725,0.1967433002239357,0.1967433002239357,True
variable_confidence,0.373125,0.11991761246526944,0.19471976791109702,True
complementary_confidence_family,0.373125,0.19471976791109702,0.19471976791109702,True
variable_confidence,0.37375,0.11866471248889243,0.1927083804566544,True
complementary_confidence_family,0.37375,0.1927083804566544,0.1927083804566544,True
variable_confidence,0.374375,0.11741969629329474,0.19070909659478597,True
complementary_confidence_family,0.374375,0.19070909659478597,0.19070909659478597,True
variable_confidence,0.375,0.11618253035894854,0.18872187554086717,True
complementary_confidence_family,0.375,0.18872187554086717,0.18872187554086717,True
variable_confidence,0.375625,0.11495318161141888,0.18674667698458447,True
complementary_confidence_family,0.375625,0.18674667698458447,0.18674667698458447,True
variable_confidence,0.37625,0.1137316174137627,0.1847834610831871,True
complementary_confidence_family,0.37625,0.1847834610831871,0.1847834610831871,True
variable_confidence,0.376875,0.11251780555915858,0.18283218845487448,True
complementary_confidence_family,0.376875,0.18283218845487448,0.18283218845487448,True
variable_confidence,0.3775,0.11131171426367015,0.180892820172317,True
complementary_confidence_family,0.3775,0.180892820172317,0.180892820172317,True
variable_confidence,0.378125,0.11011331215919185,0.17896531775630464,True
complementary_confidence_family,0.378125,0.17896531775630464,0.17896531775630464,True
variable_confidence,0.37875000000000003,0.10892256828655689,0.17704964316952254,True
complementary_confidence_family,0.37875000000000003,0.17704964316952254,0.17704964316952254,True
variable_confidence,0.379375,0.10773945208880154,0.1751457588104509,True
complementary_confidence_family,0.379375,0.1751457588104509,0.1751457588104509,True
variable_confidence,0.38,0.10656393340458559,0.17325362750738216,True
complementary_confidence_family,0.38,0.17325362750738216,0.17325362750738216,True
variable_confidence,0.380625,0.10539598246175963,0.171373212512558,True
complementary_confidence_family,0.380625,0.171373212512558,0.171373212512558,True
variable_confidence,0.38125,0.10423556987108062,0.16950447749642017,True
complementary_confidence_family,0.38125,0.16950447749642017,0.16950447749642017,True
variable_confidence,0.38187499999999996,0.10308266662006682,0.1676473865419721,True
complementary_confidence_family,0.38187499999999996,0.1676473865419721,0.1676473865419721,True
variable_confidence,0.3825,0.10193724406699167,0.1658019041392509,True
complementary_confidence_family,0.3825,0.1658019041392509,0.1658019041392509,True
variable_confidence,0.383125,0.10079927393501165,0.16396799517990546,True
complementary_confidence_family,0.383125,0.16396799517990546,0.16396799517990546,True
variable_confidence,0.38375000000000004,0.0996687283064217,0.16214562495187856,True
complementary_confidence_family,0.38375000000000004,0.16214562495187856,0.16214562495187856,True
variable_confidence,0.384375,0.09854557961704136,0.16033475913419082,True
complementary_confidence_family,0.384375,0.16033475913419082,0.16033475913419082,True
variable_confidence,0.385,0.09742980065072082,0.15853536379182442,True
complementary_confidence_family,0.385,0.15853536379182442,0.15853536379182442,True
variable_confidence,0.385625,0.09632136453396911,0.15674740537070198,True
complementary_confidence_family,0.385625,0.15674740537070198,0.15674740537070198,True
variable_confidence,0.38625,0.09522024473069801,0.15497085069276428,True
complementary_confidence_family,0.38625,0.15497085069276428,0.15497085069276428,True
variable_confidence,0.38687499999999997,0.09412641503707952,0.1532056669511357,True
complementary_confidence_family,0.38687499999999997,0.1532056669511357,0.1532056669511357,True
variable_confidence,0.3875,0.0930398495765159,0.15145182170538418,True
complementary_confidence_family,0.3875,0.15145182170538418,0.15145182170538418,True
variable_confidence,0.388125,0.09196052279471445,0.14970928287686824,True
complementary_confidence_family,0.388125,0.14970928287686824,0.14970928287686824,True
variable_confidence,0.38875000000000004,0.09088840945487031,0.14797801874417005,True
complementary_confidence_family,0.38875000000000004,0.14797801874417005,0.14797801874417005,True
variable_confidence,0.389375,0.08982348463294998,0.14625799793861438,True
complementary_confidence_family,0.389375,0.14625799793861438,0.14625799793861438,True
variable_confidence,0.39,0.0887657237130749,0.14454918943986927,True
complementary_confidence_family,0.39,0.14454918943986927,0.14454918943986927,True
variable_confidence,0.390625,0.08771510238300273,0.14285156257162834,True
complementary_confidence_family,0.390625,0.14285156257162834,0.14285156257162834,True
variable_confidence,0.39125,0.08667159662970203,0.14116508699737174,True
complementary_confidence_family,0.39125,0.14116508699737174,0.14116508699737174,True
variable_confidence,0.391875,0.08563518273502102,0.13948973271620557,True
complementary_confidence_family,0.391875,0.13948973271620557,0.13948973271620557,True
variable_confidence,0.3925,0.08460583727144422,0.1378254700587751,True
complementary_confidence_family,0.3925,0.1378254700587751,0.1378254700587751,True
variable_confidence,0.393125,0.0835835370979392,0.13617226968325458,True
complementary_confidence_family,0.393125,0.13617226968325458,0.13617226968325458,True
variable_confidence,0.39375000000000004,0.08256825935588685,0.13453010257140718,True
complementary_confidence_family,0.39375000000000004,0.13453010257140718,0.13453010257140718,True
variable_confidence,0.39437500000000003,0.08155998146509602,0.13289894002471814,True
complementary_confidence_family,0.39437500000000003,0.13289894002471814,0.13289894002471814,True
variable_confidence,0.395,0.0805586811198995,0.13127875366059538,True
complementary_confidence_family,0.395,0.13127875366059538,0.13127875366059538,True
variable_confidence,0.395625,0.07956433628532877,0.1296695154086389,True
complementary_confidence_family,0.395625,0.1296695154086389,0.1296695154086389,True
variable_confidence,0.39625,0.07857692519336767,0.12807119750697782,True
complementary_confidence_family,0.39625,0.12807119750697782,0.12807119750697782,True
variable_confidence,0.396875,0.07759642633927943,0.12648377249867004,True
complementary_confidence_family,0.396875,0.12648377249867004,0.12648377249867004,True
variable_confidence,0.39749999999999996,0.07662281847800956,0.124907213228168,True
complementary_confidence_family,0.39749999999999996,0.124907213228168,0.124907213228168,True
variable_confidence,0.398125,0.07565608062065976,0.12334149283784623,True
complementary_confidence_family,0.398125,0.12334149283784623,0.12334149283784623,True
variable_confidence,0.39875,0.07469619203103117,0.12178658476458903,True
complementary_confidence_family,0.39875,0.12178658476458903,0.12178658476458903,True
variable_confidence,0.39937500000000004,0.0737431322222386,0.12024246273643968,True
complementary_confidence_family,0.39937500000000004,0.12024246273643968,0.12024246273643968,True
variable_confidence,0.4,0.07279688095338921,0.1187091007693073,True
complementary_confidence_family,0.4,0.1187091007693073,0.1187091007693073,True
variable_confidence,0.400625,0.0718574182263283,0.11718647316373032,True
complementary_confidence_family,0.400625,0.11718647316373032,0.11718647316373032,True
variable_confidence,0.40125,0.07092472428244778,0.11567455450169839,True
complementary_confidence_family,0.40125,0.11567455450169839,0.11567455450169839,True
variable_confidence,0.401875,0.06999877959955825,0.11417331964352839,True
complementary_confidence_family,0.401875,0.11417331964352839,0.11417331964352839,True
variable_confidence,0.40249999999999997,0.06907956488882072,0.11268274372479337,True
complementary_confidence_family,0.40249999999999997,0.11268274372479337,0.11268274372479337,True
variable_confidence,0.403125,0.06816706109173909,0.11120280215330614,True
complementary_confidence_family,0.403125,0.11120280215330614,0.11120280215330614,True
variable_confidence,0.40375,0.06726124937720956,0.10973347060615435,True
complementary_confidence_family,0.40375,0.10973347060615435,0.10973347060615435,True
variable_confidence,0.40437500000000004,0.06636211113862811,0.10827472502678559,True
complementary_confidence_family,0.40437500000000004,0.10827472502678559,0.10827472502678559,True
variable_confidence,0.405,0.0654696279910526,0.10682654162214322,True
complementary_confidence_family,0.405,0.10682654162214322,0.10682654162214322,True
variable_confidence,0.405625,0.06458378176841939,0.10538889685985031,True
complementary_confidence_family,0.405625,0.10538889685985031,0.10538889685985031,True
variable_confidence,0.40625,0.0637045545208138,0.10396176746544261,True
complementary_confidence_family,0.40625,0.10396176746544261,0.10396176746544261,True
variable_confidence,0.406875,0.06283192851179087,0.10254513041964763,True
complementary_confidence_family,0.406875,0.10254513041964763,0.10254513041964763,True
variable_confidence,0.4075,0.06196588621574861,0.1011389629557099,True
complementary_confidence_family,0.4075,0.1011389629557099,0.1011389629557099,True
variable_confidence,0.408125,0.0611064103153498,0.09974324255676126,True
complementary_confidence_family,0.408125,0.09974324255676126,0.09974324255676126,True
variable_confidence,0.40875,0.06025348369899297,0.09835794695323719,True
complementary_confidence_family,0.40875,0.09835794695323719,0.09835794695323719,True
variable_confidence,0.40937500000000004,0.05940708945832929,0.09698305412033281,True
complementary_confidence_family,0.40937500000000004,0.09698305412033281,0.09698305412033281,True
variable_confidence,0.41000000000000003,0.05856721088582861,0.09561854227550592,True
complementary_confidence_family,0.41000000000000003,0.09561854227550592,0.09561854227550592,True
variable_confidence,0.410625,0.05773383147238864,0.09426438987601893,True
complementary_confidence_family,0.410625,0.09426438987601893,0.09426438987601893,True
variable_confidence,0.41125,0.056906934904989326,0.0929205756165229,True
complementary_confidence_family,0.41125,0.0929205756165229,0.0929205756165229,True
variable_confidence,0.411875,0.05608650506439028,0.0915870784266809,True
complementary_confidence_family,0.411875,0.0915870784266809,0.0915870784266809,True
variable_confidence,0.4125,0.05527252602287258,0.09026387746883391,True
complementary_confidence_family,0.4125,0.09026387746883391,0.09026387746883391,True
variable_confidence,0.41312499999999996,0.05446498204201977,0.08895095213570081,True
complementary_confidence_family,0.41312499999999996,0.08895095213570081,0.08895095213570081,True
variable_confidence,0.41375,0.053663857570540374,0.08764828204811992,True
complementary_confidence_family,0.41375,0.08764828204811992,0.08764828204811992,True
variable_confidence,0.414375,0.052869137242132824,0.08635584705282784,True
complementary_confidence_family,0.414375,0.08635584705282784,0.08635584705282784,True
variable_confidence,0.41500000000000004,0.05208080587338504,0.08507362722027234,True
complementary_confidence_family,0.41500000000000004,0.08507362722027234,0.08507362722027234,True
variable_confidence,0.415625,0.051298848461715396,0.0838016028424644,True
complementary_confidence_family,0.415625,0.0838016028424644,0.0838016028424644,True
variable_confidence,0.41625,0.0505232501833508,0.08253975443086303,True
complementary_confidence_family,0.41625,0.08253975443086303,0.08253975443086303,True
variable_confidence,0.416875,0.04975399639134137,0.08128806271429723,True
complementary_confidence_family,0.416875,0.08128806271429723,0.08128806271429723,True
variable_confidence,0.4175,0.048991072613609576,0.08004650863692009,True
complementary_confidence_family,0.4175,0.08004650863692009,0.08004650863692009,True
variable_confidence,0.41812499999999997,0.04823446455103686,0.0788150733561972,True
complementary_confidence_family,0.41812499999999997,0.0788150733561972,0.0788150733561972,True
variable_confidence,0.41875,0.047484158075583704,0.07759373824092763,True
complementary_confidence_family,0.41875,0.07759373824092763,0.07759373824092763,True
variable_confidence,0.419375,0.04674013922844322,0.07638248486929877,True
complementary_confidence_family,0.419375,0.07638248486929877,0.07638248486929877,True
variable_confidence,0.42000000000000004,0.04600239421822816,0.07518129502696969,True
complementary_confidence_family,0.42000000000000004,0.07518129502696969,0.07518129502696969,True
variable_confidence,0.420625,0.045270909419190986,0.07399015070519,True
complementary_confidence_family,0.420625,0.07399015070519,0.07399015070519,True
variable_confidence,0.42125,0.04454567136947507,0.07280903409894446,True
complementary_confidence_family,0.42125,0.07280903409894446,0.07280903409894446,True
variable_confidence,0.421875,0.04382666676939717,0.07163792760513221,True
complementary_confidence_family,0.421875,0.07163792760513221,0.07163792760513221,True
variable_confidence,0.4225,0.04311388247976078,0.07047681382077375,True
complementary_confidence_family,0.4225,0.07047681382077375,0.07047681382077375,True
variable_confidence,0.423125,0.042407305520199334,0.06932567554124469,True
complementary_confidence_family,0.423125,0.06932567554124469,0.06932567554124469,True
variable_confidence,0.42375,0.041706923067549084,0.06818449575854368,True
complementary_confidence_family,0.42375,0.06818449575854368,0.06818449575854368,True
variable_confidence,0.424375,0.04101272245425047,0.06705325765958292,True
complementary_confidence_family,0.424375,0.06705325765958292,0.06705325765958292,True
variable_confidence,0.42500000000000004,0.04032469116677739,0.06593194462450891,True
complementary_confidence_family,0.42500000000000004,0.06593194462450891,0.06593194462450891,True
variable_confidence,0.42562500000000003,0.039642816844096096,0.0648205402250508,True
complementary_confidence_family,0.42562500000000003,0.0648205402250508,0.0648205402250508,True
variable_confidence,0.42625,0.03896708727614806,0.06371902822289366,True
complementary_confidence_family,0.42625,0.06371902822289366,0.06371902822289366,True
variable_confidence,0.426875,0.03829749040236363,0.06262739256808014,True
complementary_confidence_family,0.426875,0.06262739256808014,0.06262739256808014,True
variable_confidence,0.4275,0.03763401431019764,0.06154561739743636,True
complementary_confidence_family,0.4275,0.06154561739743636,0.06154561739743636,True
variable_confidence,0.428125,0.0369766472336952,0.06047368703302369,True
complementary_confidence_family,0.428125,0.06047368703302369,0.06047368703302369,True
variable_confidence,0.42874999999999996,0.036325377552077764,0.05941158598061613,True
complementary_confidence_family,0.42874999999999996,0.05941158598061613,0.05941158598061613,True
variable_confidence,0.429375,0.03568019378835863,0.058359298928201575,True
complementary_confidence_family,0.429375,0.058359298928201575,0.058359298928201575,True
variable_confidence,0.43,0.03504108460797983,0.057316810744507674,True
complementary_confidence_family,0.43,0.057316810744507674,0.057316810744507674,True
variable_confidence,0.43062500000000004,0.034408038817473896,0.056284106477551,True
complementary_confidence_family,0.43062500000000004,0.056284106477551,0.056284106477551,True
variable_confidence,0.43125,0.03378104536314941,0.05526117135321085,True
complementary_confidence_family,0.43125,0.05526117135321085,0.05526117135321085,True
variable_confidence,0.431875,0.03316009332979841,0.054247990773824695,True
complementary_confidence_family,0.431875,0.054247990773824695,0.054247990773824695,True
variable_confidence,0.4325,0.03254517193942774,0.05324455031680675,True
complementary_confidence_family,0.4325,0.05324455031680675,0.05324455031680675,True
variable_confidence,0.433125,0.03193627055001147,0.05225083573329048,True
complementary_confidence_family,0.433125,0.05225083573329048,0.05225083573329048,True
variable_confidence,0.43374999999999997,0.03133337865426655,0.051266832946790464,True
complementary_confidence_family,0.43374999999999997,0.051266832946790464,0.051266832946790464,True
variable_confidence,0.434375,0.030736485878448017,0.050292528051887,True
complementary_confidence_family,0.434375,0.050292528051887,0.050292528051887,True
variable_confidence,0.435,0.03014558198116668,0.049327907312934016,True
complementary_confidence_family,0.435,0.049327907312934016,0.049327907312934016,True
variable_confidence,0.43562500000000004,0.029560656852227307,0.04837295716278467,True
complementary_confidence_family,0.43562500000000004,0.04837295716278467,0.04837295716278467,True
variable_confidence,0.43625,0.02898170051148674,0.047427664201539765,True
complementary_confidence_family,0.43625,0.047427664201539765,0.047427664201539765,True
variable_confidence,0.436875,0.02840870310773136,0.046492015195316205,True
complementary_confidence_family,0.436875,0.046492015195316205,0.046492015195316205,True
variable_confidence,0.4375,0.027841654917576175,0.04556599707503495,True
complementary_confidence_family,0.4375,0.04556599707503495,0.04556599707503495,True
variable_confidence,0.438125,0.027280546344381262,0.04464959693522952,True
complementary_confidence_family,0.438125,0.04464959693522952,0.04464959693522952,True
variable_confidence,0.43875,0.026725367917188603,0.04374280203287284,True
complementary_confidence_family,0.43875,0.04374280203287284,0.04374280203287284,True
variable_confidence,0.439375,0.026176110289672705,0.0428455997862256,True
complementary_confidence_family,0.439375,0.0428455997862256,0.0428455997862256,True
variable_confidence,0.44,0.02563276423912708,0.04195797777370025,True
complementary_confidence_family,0.44,0.04195797777370025,0.04195797777370025,True
variable_confidence,0.44062500000000004,0.025095320665436627,0.04107992373274638,True
complementary_confidence_family,0.44062500000000004,0.04107992373274638,0.04107992373274638,True
variable_confidence,0.44125000000000003,0.024563770590098732,0.04021142555875312,True
complementary_confidence_family,0.44125000000000003,0.04021142555875312,0.04021142555875312,True
variable_confidence,0.441875,0.02403810515524718,0.03935247130396957,True
complementary_confidence_family,0.441875,0.03935247130396957,0.03935247130396957,True
variable_confidence,0.4425,0.023518315622694796,0.03850304917644487,True
complementary_confidence_family,0.4425,0.03850304917644487,0.03850304917644487,True
variable_confidence,0.443125,0.0230043933729962,0.03766314753898292,True
complementary_confidence_family,0.443125,0.03766314753898292,0.03766314753898292,True
variable_confidence,0.44375,0.02249632990452155,0.03683275490811688,True
complementary_confidence_family,0.44375,0.03683275490811688,0.03683275490811688,True
variable_confidence,0.44437499999999996,0.021994116832552812,0.036011859953099856,True
complementary_confidence_family,0.44437499999999996,0.036011859953099856,0.036011859953099856,True
variable_confidence,0.445,0.02149774588839215,0.03520045149491269,True
complementary_confidence_family,0.445,0.03520045149491269,0.03520045149491269,True
variable_confidence,0.445625,0.02100720891848784,0.034398518505287856,True
complementary_confidence_family,0.445625,0.034398518505287856,0.034398518505287856,True
variable_confidence,0.44625000000000004,0.020522497883574964,0.033606050105750795,True
complementary_confidence_family,0.44625000000000004,0.033606050105750795,0.033606050105750795,True
variable_confidence,0.446875,0.020043604857831854,0.03282303556667587,True
complementary_confidence_family,0.446875,0.03282303556667587,0.03282303556667587,True
variable_confidence,0.4475,0.01957052202805265,0.032049464306360465,True
complementary_confidence_family,0.4475,0.032049464306360465,0.032049464306360465,True
variable_confidence,0.448125,0.01910324169283295,0.03128532589011335,True
complementary_confidence_family,0.448125,0.03128532589011335,0.03128532589011335,True
variable_confidence,0.44875,0.01864175626177067,0.030530610029358418,True
complementary_confidence_family,0.44875,0.030530610029358418,0.030530610029358418,True
variable_confidence,0.44937499999999997,0.018186058254682447,0.029785306580754733,True
complementary_confidence_family,0.44937499999999997,0.029785306580754733,0.029785306580754733,True
variable_confidence,0.45,0.017736140300834036,0.029049405545331197,True
complementary_confidence_family,0.45,0.029049405545331197,0.029049405545331197,True
variable_confidence,0.450625,0.017291995138182026,0.028322897067637243,True
complementary_confidence_family,0.450625,0.028322897067637243,0.028322897067637243,True
variable_confidence,0.45125000000000004,0.016853615612634654,0.027605771434905835,True
complementary_confidence_family,0.45125000000000004,0.027605771434905835,0.027605771434905835,True
variable_confidence,0.451875,0.016420994677321055,0.02689801907623368,True
complementary_confidence_family,0.451875,0.02689801907623368,0.02689801907623368,True
variable_confidence,0.4525,0.015994125391876723,0.026199630561774767,True
complementary_confidence_family,0.4525,0.026199630561774767,0.026199630561774767,True
variable_confidence,0.453125,0.015573000921742186,0.025510596601947655,True
complementary_confidence_family,0.453125,0.025510596601947655,0.025510596601947655,True
variable_confidence,0.45375,0.015157614537473663,0.024830908046657885,True
complementary_confidence_family,0.45375,0.024830908046657885,0.024830908046657885,True
variable_confidence,0.454375,0.014747959614067052,0.02416055588453392,True
complementary_confidence_family,0.454375,0.02416055588453392,0.02416055588453392,True
variable_confidence,0.455,0.014344029630295019,0.023499531242175853,True
complementary_confidence_family,0.455,0.023499531242175853,0.023499531242175853,True
variable_confidence,0.455625,0.013945818168056512,0.02284782538341945,True
complementary_confidence_family,0.455625,0.02284782538341945,0.02284782538341945,True
variable_confidence,0.45625000000000004,0.013553318911737833,0.0222054297086115,True
complementary_confidence_family,0.45625000000000004,0.0222054297086115,0.0222054297086115,True
variable_confidence,0.45687500000000003,0.013166525647587468,0.02157233575390105,True
complementary_confidence_family,0.45687500000000003,0.02157233575390105,0.02157233575390105,True
variable_confidence,0.4575,0.012785432263101026,0.020948535190540518,True
complementary_confidence_family,0.4575,0.020948535190540518,0.020948535190540518,True
variable_confidence,0.458125,0.012410032746419608,0.020334019824203353,True
complementary_confidence_family,0.458125,0.020334019824203353,0.020334019824203353,True
variable_confidence,0.45875,0.01204032118573961,0.01972878159431024,True
complementary_confidence_family,0.45875,0.01972878159431024,0.01972878159431024,True
variable_confidence,0.459375,0.011676291768732971,0.019132812573373292,True
complementary_confidence_family,0.459375,0.019132812573373292,0.019132812573373292,True
variable_confidence,0.45999999999999996,0.011317938781981063,0.018546104966346344,True
complementary_confidence_family,0.45999999999999996,0.018546104966346344,0.018546104966346344,True
variable_confidence,0.460625,0.010965256610417029,0.017968651109995015,True
complementary_confidence_family,0.460625,0.017968651109995015,0.017968651109995015,True
variable_confidence,0.46125,0.010618239736781887,0.01740044347227132,True
complementary_confidence_family,0.46125,0.01740044347227132,0.01740044347227132,True
variable_confidence,0.46187500000000004,0.010276882741089954,0.016841474651707045,True
complementary_confidence_family,0.46187500000000004,0.016841474651707045,0.016841474651707045,True
variable_confidence,0.4625,0.009941180300106822,0.01629173737681422,True
complementary_confidence_family,0.4625,0.01629173737681422,0.01629173737681422,True
variable_confidence,0.463125,0.009611127186834878,0.015751224505501038,True
complementary_confidence_family,0.463125,0.015751224505501038,0.015751224505501038,True
variable_confidence,0.46375,0.009286718270013594,0.015219929024497092,True
complementary_confidence_family,0.46375,0.015219929024497092,0.015219929024497092,True
variable_confidence,0.464375,0.008967948513627366,0.01469784404879082,True
complementary_confidence_family,0.464375,0.01469784404879082,0.01469784404879082,True
variable_confidence,0.46499999999999997,0.008654812976424675,0.014184962821080283,True
complementary_confidence_family,0.46499999999999997,0.014184962821080283,0.014184962821080283,True
variable_confidence,0.465625,0.008347306811447908,0.013681278711231482,True
complementary_confidence_family,0.465625,0.013681278711231482,0.013681278711231482,True
variable_confidence,0.46625,0.00804542526557217,0.013186785215752894,True
complementary_confidence_family,0.46625,0.013186785215752894,0.013186785215752894,True
variable_confidence,0.46687500000000004,0.007749163679055648,0.012701475957276553,True
complementary_confidence_family,0.46687500000000004,0.012701475957276553,0.012701475957276553,True
variable_confidence,0.4675,0.007458517485098404,0.012225344684053119,True
complementary_confidence_family,0.4675,0.012225344684053119,0.012225344684053119,True
variable_confidence,0.468125,0.007173482209412052,0.01175838526945705,True
complementary_confidence_family,0.468125,0.01175838526945705,0.01175838526945705,True
variable_confidence,0.46875,0.0068940534697987665,0.01130059171150255,True
complementary_confidence_family,0.46875,0.01130059171150255,0.01130059171150255,True
variable_confidence,0.469375,0.006620226975740051,0.010851958132369832,True
complementary_confidence_family,0.469375,0.010851958132369832,0.010851958132369832,True
variable_confidence,0.47,0.006351998527994285,0.01041247877794449,True
complementary_confidence_family,0.47,0.01041247877794449,0.01041247877794449,True
variable_confidence,0.470625,0.0060893640182047015,0.009982148017362413,True
complementary_confidence_family,0.470625,0.009982148017362413,0.009982148017362413,True
variable_confidence,0.47125,0.005832319428516808,0.009560960342571478,True
complementary_confidence_family,0.47125,0.009560960342571478,0.009560960342571478,True
variable_confidence,0.47187500000000004,0.005580860831203349,0.009148910367899,True
complementary_confidence_family,0.47187500000000004,0.009148910367899,0.009148910367899,True
variable_confidence,0.47250000000000003,0.00533498438830049,0.008745992829631177,True
complementary_confidence_family,0.47250000000000003,0.008745992829631177,0.008745992829631177,True
variable_confidence,0.473125,0.005094686351251321,0.00835220258560232,True
complementary_confidence_family,0.473125,0.00835220258560232,0.00835220258560232,True
variable_confidence,0.47375,0.004859963060560135,0.007967534614796046,True
complementary_confidence_family,0.47375,0.007967534614796046,0.007967534614796046,True
variable_confidence,0.474375,0.004630810945454256,0.007591984016952824,True
complementary_confidence_family,0.474375,0.007591984016952824,0.007591984016952824,True
variable_confidence,0.475,0.004407226523555519,0.007225546012191719,True
complementary_confidence_family,0.475,0.007225546012191719,0.007225546012191719,True
variable_confidence,0.47562499999999996,0.0041892064005562,0.006868215940639022,True
complementary_confidence_family,0.47562499999999996,0.006868215940639022,0.006868215940639022,True
variable_confidence,0.47625,0.003976747269913705,0.006519989262068093,True
complementary_confidence_family,0.47625,0.006519989262068093,0.006519989262068093,True
variable_confidence,0.476875,0.0037698459125443673,0.006180861555548867,True
complementary_confidence_family,0.476875,0.006180861555548867,0.006180861555548867,True
variable_confidence,0.47750000000000004,0.0035684991965272417,0.00585082851910701,True
complementary_confidence_family,0.47750000000000004,0.00585082851910701,0.00585082851910701,True
variable_confidence,0.478125,0.0033727040768218863,0.005529885969391635,True
complementary_confidence_family,0.478125,0.005529885969391635,0.005529885969391635,True
variable_confidence,0.47875,0.0031824575949875866,0.0052180298413546655,True
complementary_confidence_family,0.47875,0.0052180298413546655,0.0052180298413546655,True
variable_confidence,0.479375,0.0029977568789147924,0.004915256187938866,True
complementary_confidence_family,0.479375,0.004915256187938866,0.004915256187938866,True
variable_confidence,0.48,0.0028185991425657697,0.004621561179774192,True
complementary_confidence_family,0.48,0.004621561179774192,0.004621561179774192,True
variable_confidence,0.48062499999999997,0.00264498168571925,0.004336941104884584,True
complementary_confidence_family,0.48062499999999997,0.004336941104884584,0.004336941104884584,True
variable_confidence,0.48125,0.002476901893727179,0.004061392368404526,True
complementary_confidence_family,0.48125,0.004061392368404526,0.004061392368404526,True
variable_confidence,0.481875,0.0023143572372780197,0.003794911492304154,True
complementary_confidence_family,0.481875,0.003794911492304154,0.003794911492304154,True
variable_confidence,0.48250000000000004,0.00215734527216771,0.003537495115123468,True
complementary_confidence_family,0.48250000000000004,0.003537495115123468,0.003537495115123468,True
variable_confidence,0.483125,0.002005863639079619,0.0032891399917165387,True
complementary_confidence_family,0.483125,0.0032891399917165387,0.0032891399917165387,True
variable_confidence,0.48375,0.0018599100633708288,0.003049842993004259,True
complementary_confidence_family,0.48375,0.003049842993004259,0.003049842993004259,True
variable_confidence,0.484375,0.001719482354869184,0.0028196011057358694,True
complementary_confidence_family,0.484375,0.0028196011057358694,0.0028196011057358694,True
variable_confidence,0.485,0.0015845784076737868,0.0025984114322603613,True
complementary_confidence_family,0.485,0.0025984114322603613,0.0025984114322603613,True
variable_confidence,0.485625,0.0014551961999684782,0.0023862711903066547,True
complementary_confidence_family,0.485625,0.0023862711903066547,0.0023862711903066547,True
variable_confidence,0.48625,0.0013313337938389846,0.0021831777127723218,True
complementary_confidence_family,0.48625,0.0021831777127723218,0.0021831777127723218,True
variable_confidence,0.486875,0.0012129893350987242,0.0019891284475208604,True
complementary_confidence_family,0.486875,0.0019891284475208604,0.0019891284475208604,True
variable_confidence,0.48750000000000004,0.0011001610531246042,0.0018041209571898476,True
complementary_confidence_family,0.48750000000000004,0.0018041209571898476,0.0018041209571898476,True
variable_confidence,0.48812500000000003,0.0009928472606965943,0.001628152919005199,True
complementary_confidence_family,0.48812500000000003,0.001628152919005199,0.001628152919005199,True
variable_confidence,0.48875,0.0008910463538488456,0.0014612221246065316,True
complementary_confidence_family,0.48875,0.0014612221246065316,0.0014612221246065316,True
variable_confidence,0.489375,0.0007947568117248061,0.0013033264798794075,True
complementary_confidence_family,0.489375,0.0013033264798794075,0.0013033264798794075,True
variable_confidence,0.49,0.0007039771964427732,0.001154464004798239,True
complementary_confidence_family,0.49,0.001154464004798239,0.001154464004798239,True
variable_confidence,0.490625,0.0006187061529667748,0.0010146328332760746,True
complementary_confidence_family,0.490625,0.0010146328332760746,0.0010146328332760746,True
variable_confidence,0.49124999999999996,0.0005389424089866646,0.0008838312130249326,True
complementary_confidence_family,0.49124999999999996,0.0008838312130249326,0.0008838312130249326,True
variable_confidence,0.491875,0.00046468477480454684,0.0007620575054224643,True
complementary_confidence_family,0.491875,0.0007620575054224643,0.0007620575054224643,True
variable_confidence,0.4925,0.0003959321432286389,0.0006493101853896066,True
complementary_confidence_family,0.4925,0.0006493101853896066,0.0006493101853896066,True
variable_confidence,0.49312500000000004,0.0003326834894752384,0.0005455878412756743,True
complementary_confidence_family,0.49312500000000004,0.0005455878412756743,0.0005455878412756743,True
variable_confidence,0.49375,0.0002749378710776851,0.00045088917475166745,True
complementary_confidence_family,0.49375,0.00045088917475166745,0.00045088917475166745,True
variable_confidence,0.494375,0.0002226944278025389,0.00036521300071279406,True
complementary_confidence_family,0.494375,0.00036521300071279406,0.00036521300071279406,True
variable_confidence,0.495,0.00017595238157275261,0.000288558247189985,True
complementary_confidence_family,0.495,0.000288558247189985,0.000288558247189985,True
variable_confidence,0.495625,0.00013471103639961512,0.00022092395526895903,True
complementary_confidence_family,0.495625,0.00022092395526895903,0.00022092395526895903,True
variable_confidence,0.49624999999999997,9.896977832046794e-05,0.00016230927901750292,True
complementary_confidence_family,0.49624999999999997,0.00016230927901750292,0.00016230927901750292,True
variable_confidence,0.496875,6.872807534374914e-05,0.00011271348542329918,True
complementary_confidence_family,0.496875,0.00011271348542329918,0.00011271348542329918,True
variable_confidence,0.4975,4.398547740347425e-05,7.21359543384148e-05,True
complementary_confidence_family,0.4975,7.21359543384148e-05,7.21359543384148e-05,True
variable_confidence,0.49812500000000004,2.4741616317491832e-05,4.057617843178374e-05,True
complementary_confidence_family,0.49812500000000004,4.057617843178374e-05,4.057617843178374e-05,True
variable_confidence,0.49875,1.0996205755509081e-05,1.803376315223648e-05,True
complementary_confidence_family,0.49875,1.803376315223648e-05,1.803376315223648e-05,True
variable_confidence,0.499375,2.749041214666903e-06,4.5084266989681154e-06,True
complementary_confidence_family,0.499375,4.5084266989681154e-06,4.5084266989681154e-06,True
variable_confidence,0.5,0.0,0.0,True
complementary_confidence_family,0.5,0.0,0.0,True
