split,setting,actual_bpp,depth,semantic,edge,semantic_object_miou,source
validation,D_lambda0.3,0.0695859375,0.0699688322544098,0.8962467428464442,0.027419527329155244,0.06369048248257737,results/round2_task_family/available_primary/d_r03/evaluation.json
validation,D_lambda3,0.01744921875,0.07208855920098722,1.013088858306408,0.035488910247804595,0.02990313641618178,results/round2_task_family/available_primary/d_r3/evaluation.json
validation,D_lambda30,0.0072509765625,0.0827417961517349,1.169250219374895,0.040520319640636446,0.008365180096697076,results/round2_task_family/available_primary/d_r30/evaluation.json
validation,DE_lambda0.3,0.1295537109375,0.0698951748739928,0.8442674140054732,0.002769079217745457,0.08613040067580567,results/round2_task_family/available_primary/de_r03/evaluation.json
validation,DE_lambda3,0.03123046875,0.06929328303225338,0.9365514197424054,0.006943919590092264,0.05893768810535897,results/round2_task_family/available_primary/de_r3/evaluation.json
validation,DS_lambda0.3,0.123275390625,0.07013396146148443,0.6890642424449325,0.023113761262618937,0.1858640646778989,results/round2_task_family/available_primary/ds_r03/evaluation.json
validation,DS_lambda3,0.0337626953125,0.07004642692301423,0.7340194097086787,0.03141513554146513,0.17099146084776456,results/round2_task_family/available_primary/ds_r3/evaluation.json
validation,DSE_lambda0.3,0.1863251953125,0.0697944156602025,0.6693399692242965,0.003900031103024958,0.20520621926941715,results/round2_task_family/available_primary/dse_r03/evaluation.json
validation,DSE_lambda1,0.091712890625,0.06682715491950512,0.6853281605383381,0.004978709963266738,0.20169283542189964,results/round2_task_family/available_primary/dse_r1/evaluation.json
validation,DSE_lambda3,0.04994140625,0.06942427875474096,0.6712542346362025,0.007063796453992836,0.1789518076310638,results/round2_task_family/available_primary/dse_r3/evaluation.json
validation,RGB_lambda0.3,0.173978515625,0.07651737416535616,0.7700988023045938,0.0005094124871466193,0.17132988500037552,results/round2_task_family/available_primary/rgb_r03/evaluation.json
validation,DE_lambda1,0.0624111328125,0.06718644560873509,0.8804115174207836,0.0036817254686611705,0.06814717342921857,results/round2_task_family/available_primary/de_r1/evaluation.json
test,D_lambda0.3,0.0709638671875,0.07669203760405072,0.8406794189489447,0.02826603429242823,0.04442846566414418,results/round2_task_family/available_primary/d_r03/test2000/evaluation.json
test,D_lambda3,0.0175205078125,0.07550985364383087,0.9265903931483627,0.036420694860920776,0.028447481985989245,results/round2_task_family/available_primary/d_r3/test2000/evaluation.json
test,D_lambda30,0.00717529296875,0.088333780471934,1.0371536742076277,0.04183323882427067,0.008192763073096887,results/round2_task_family/available_primary/d_r30/test2000/evaluation.json
test,DE_lambda0.3,0.132766357421875,0.074192451805342,0.7896010057693348,0.002988130868405278,0.05905412410156014,results/round2_task_family/available_primary/de_r03/test2000/evaluation.json
test,DE_lambda3,0.031422607421875,0.07702921888628043,0.8763155727609993,0.007575584832804452,0.03670734189731421,results/round2_task_family/available_primary/de_r3/test2000/evaluation.json
test,DS_lambda0.3,0.124156005859375,0.07606675551063381,0.664527190040797,0.024213946179515916,0.13032995951002715,results/round2_task_family/available_primary/ds_r03/test2000/evaluation.json
test,DS_lambda3,0.03345556640625,0.07687883985997178,0.6644403569446876,0.032628283027857835,0.1345125408084034,results/round2_task_family/available_primary/ds_r3/test2000/evaluation.json
test,DSE_lambda0.3,0.19187841796875,0.07777181925741024,0.6256778759032022,0.004248200165293383,0.1384196915719855,results/round2_task_family/available_primary/dse_r03/test2000/evaluation.json
test,DSE_lambda1,0.0940966796875,0.07364167731325143,0.6229737911892589,0.005427986488168245,0.14413947609639316,results/round2_task_family/available_primary/dse_r1/test2000/evaluation.json
test,DSE_lambda3,0.05094580078125,0.07675871143082623,0.6532695636381395,0.007704579061828554,0.12036111992115942,results/round2_task_family/available_primary/dse_r3/test2000/evaluation.json
test,RGB_lambda0.3,0.182718017578125,0.07754924977757037,0.6709326453519753,0.0005457901710469741,0.12618217577004157,results/round2_task_family/available_primary/rgb_r03/test2000/evaluation.json
test,DE_lambda1,0.063859619140625,0.07250163302361033,0.8218348410988692,0.004021062038842501,0.04852058237881166,results/round2_task_family/available_primary/de_r1/test2000/evaluation.json
