setting,building,fits,actual_bpp,depth,semantic,edge,mean_original_miou,mean_fixed_validation_class_miou
DE_lambda3,ihlen,3,0.026644694010416664,0.06789848678046838,0.8030218582251109,0.009145916805767533,0.04708349593437134,0.03699417537700606
DE_lambda3,mcdade,3,0.02958251953125,0.10583656120191638,0.8198558987366656,0.012004977434213894,0.03776674465371296,0.0350691200355906
DE_lambda3,muleshoe,3,0.028294677734375,0.07220804213701437,0.9436640110751613,0.010252182999489984,0.044004950613108364,0.047148161371187526
DE_lambda3,noxapater,3,0.026046142578124997,0.06750397342024371,0.9394314655258009,0.008338850619329605,0.03334184487118815,0.033339299623039186
DE_lambda3,uvalda,3,0.02985595703125,0.07184611477151824,0.9023104698723182,0.01294501865816225,0.04153017208270449,0.04153017208270449
DS_lambda3,ihlen,3,0.030648193359375003,0.07470142548282942,0.5525537236166808,0.027834884762960425,0.16201171971634815,0.12729492263427353
DS_lambda3,mcdade,3,0.03209269205729167,0.10436521253199317,0.5140217984180587,0.03924086892278865,0.16645088238023867,0.15456153363879307
DS_lambda3,muleshoe,3,0.03276285807291667,0.06970761582643414,0.7117859114077874,0.029612051960236082,0.14362350200948973,0.15142729806900634
DS_lambda3,noxapater,3,0.029329020182291665,0.06313542881631291,0.7446244140287551,0.026411250887516266,0.12526893030828204,0.12304418341441141
DS_lambda3,uvalda,3,0.035126953125,0.06800384508251833,0.725465356814675,0.038523001751940074,0.09847159886097427,0.09847159886097427
D_lambda30,ihlen,3,0.007186686197916667,0.08214398838967706,0.9575470156470934,0.038180277682840824,0.010194030185276258,0.008009595145574202
D_lambda30,mcdade,3,0.007271321614583333,0.12052254661141586,0.9576303112196426,0.049448993308469656,0.009301980823770999,0.00863755362207307
D_lambda30,muleshoe,3,0.007305094401041667,0.08514310154093739,1.1523844564209382,0.03760844336279357,0.008911699681263773,0.0095482496584969
D_lambda30,noxapater,3,0.007225748697916667,0.08083782736134405,1.12813744518285,0.03585780691277857,0.006648286735196807,0.006648286735196807
D_lambda30,uvalda,3,0.007277018229166665,0.07947813487572906,1.0572579789161682,0.04743055828924601,0.010650622735735167,0.010650622735735167
