setting,seed,building,images,actual_bpp,depth,semantic,edge,original_miou,fixed_validation_class_miou
D_lambda30,20260905,ihlen,400,0.007088623046875,0.08272925950586796,0.9480549942702055,0.03855362950824201,0.008089840633307836,0.00635630335474187
D_lambda30,20260905,mcdade,400,0.00719970703125,0.11503252960508689,0.9426847881637513,0.04917022517416626,0.011474034185816441,0.010654460315400984
D_lambda30,20260905,muleshoe,400,0.0072021484375,0.08623241674387827,1.1391177877038716,0.03792525152908638,0.008254186008447965,0.008843770723337105
D_lambda30,20260905,noxapater,400,0.00716552734375,0.08017645705724136,1.1023565850593149,0.036365924454294145,0.0056598878615379015,0.0056598878615379015
D_lambda30,20260905,uvalda,400,0.007220458984375,0.07749823944759555,1.0535542158409954,0.047151163455564526,0.010481361135262551,0.010481361135262551
D_lambda30,20260906,ihlen,400,0.007197265625,0.08211745448410511,0.964757538549602,0.03803185839671642,0.013036915947936057,0.010243291101949761
D_lambda30,20260906,mcdade,400,0.00723876953125,0.12170756196836009,0.9559931327775121,0.04981655962765217,0.008581779799992386,0.007968795528564358
D_lambda30,20260906,muleshoe,400,0.007252197265625,0.083947704131715,1.1599323233217,0.03759953474858776,0.006525966192926587,0.006992106635278487
D_lambda30,20260906,noxapater,400,0.0072021484375,0.07805211045546458,1.132517393939197,0.03568786533549428,0.009300495198376234,0.009300495198376234
D_lambda30,20260906,uvalda,400,0.007208251953125,0.08193916639313102,1.0658364341408015,0.04750274314545095,0.012298215823373334,0.012298215823373334
D_lambda30,20260907,ihlen,400,0.007274169921875,0.0815852511790581,0.9598285141214729,0.037955345143564044,0.009455333974584878,0.007429190980030975
D_lambda30,20260907,mcdade,400,0.00737548828125,0.12482754826080054,0.9742130127176643,0.04936019512359053,0.007850128485504166,0.0072894050222538686
D_lambda30,20260907,muleshoe,400,0.0074609375,0.08524918374721892,1.1581032582372428,0.037300543810706584,0.011954946842416768,0.012808871616875108
D_lambda30,20260907,noxapater,400,0.0073095703125,0.08428491457132622,1.1495383565500379,0.03551963094854727,0.0049844771456762854,0.0049844771456762854
D_lambda30,20260907,uvalda,400,0.00740234375,0.0789969987864606,1.052383286766708,0.04763776826672256,0.009172291248569619,0.009172291248569619
DS_lambda3,20260905,ihlen,400,0.031944580078125,0.07688103913562372,0.5326821000501514,0.028334457007331365,0.17495228113586409,0.13746250660675033
DS_lambda3,20260905,mcdade,400,0.033387451171875,0.10554075502790511,0.5510693910554982,0.03926981138763949,0.15270188633827544,0.14179460874268432
DS_lambda3,20260905,muleshoe,400,0.03453369140625,0.06989906479371712,0.7375410737888888,0.030179496327182278,0.1517862418974232,0.15959773326240426
DS_lambda3,20260905,noxapater,400,0.03112060546875,0.06399419383378699,0.7556276259222068,0.026780808431794867,0.12266318167720647,0.12174592373887858
DS_lambda3,20260905,uvalda,400,0.03629150390625,0.06807914650882595,0.7452815939066931,0.03857684198534116,0.09729215134741744,0.09729215134741744
DS_lambda3,20260906,ihlen,400,0.02932373046875,0.07360852648038417,0.6028737084357999,0.02736932528016041,0.1245045626414844,0.09782501350402346
DS_lambda3,20260906,mcdade,400,0.031097412109375,0.10387191820424051,0.4839613520493731,0.038780135058332235,0.16856814840424508,0.15652756637537044
DS_lambda3,20260906,muleshoe,400,0.031201171875,0.0700623802933842,0.6788495832192711,0.029216868927469476,0.13911950624572741,0.14554586981763482
DS_lambda3,20260906,noxapater,400,0.0272998046875,0.061674294346012175,0.7244825777830556,0.02583051346242428,0.11986953075045538,0.11411254800717127
DS_lambda3,20260906,uvalda,400,0.03493896484375,0.06792458630399778,0.7039285457646475,0.037796362705994395,0.0933524107541441,0.0933524107541441
DS_lambda3,20260907,ihlen,400,0.03067626953125,0.07361471083248033,0.522105362364091,0.027800872001389507,0.18657831537169595,0.1465972477920468
DS_lambda3,20260907,mcdade,400,0.031793212890625,0.1036829643638339,0.5070346521493048,0.03967266032239422,0.17808261239819553,0.16536242579832444
DS_lambda3,20260907,muleshoe,400,0.0325537109375,0.06916140239220113,0.7189670772152021,0.029439790626056492,0.1399647578853186,0.14913829112697993
DS_lambda3,20260907,noxapater,400,0.029566650390625,0.0637377982691396,0.7537630383810029,0.02662243076832965,0.13327407849718434,0.13327407849718434
DS_lambda3,20260907,uvalda,400,0.034150390625,0.06800780243473127,0.7271859307726846,0.03919580056448467,0.10477023448136126,0.10477023448136126
DE_lambda3,20260905,ihlen,400,0.0297802734375,0.06560131663223728,0.7859874675283208,0.006656916792526318,0.048101738768572995,0.0377942233181645
DE_lambda3,20260905,mcdade,400,0.032960205078125,0.10611440163338556,0.8212165293097496,0.008233310403302312,0.03300475907795414,0.03064727628667171
DE_lambda3,20260905,muleshoe,400,0.031771240234375,0.07126700807595626,0.9352390406792983,0.007495575620851014,0.04226421678384173,0.04528308941125899
DE_lambda3,20260905,noxapater,400,0.029000244140625,0.06837113678804599,0.9382672281935811,0.006148149060609284,0.030958941000220352,0.030958941000220352
DE_lambda3,20260905,uvalda,400,0.03360107421875,0.07379223130177706,0.9008675980940462,0.009343972286733332,0.03926932499511692,0.03926932499511692
DE_lambda3,20260906,ihlen,400,0.022969970703125,0.07248529192060232,0.8136464453977532,0.012355786180596623,0.04446879865974137,0.03493977037551108
DE_lambda3,20260906,mcdade,400,0.0257275390625,0.10622520616045222,0.7990155409835279,0.016929018995724618,0.038776242475020276,0.03600651086966168
DE_lambda3,20260906,muleshoe,400,0.02432861328125,0.07135800768854096,0.9469956158194691,0.013781607419368812,0.04245143318745801,0.04548367841513358
DE_lambda3,20260906,noxapater,400,0.02286865234375,0.06414454581565224,0.9623556015174836,0.011178706205682828,0.029048219529957484,0.029048219529957484
DE_lambda3,20260906,uvalda,400,0.02556884765625,0.07276626554434187,0.8866613572230563,0.017692987545742653,0.03721708615909882,0.03721708615909882
DE_lambda3,20260907,ihlen,400,0.027183837890625,0.06560885178856551,0.8094316617492586,0.008425047444179655,0.04867995037479967,0.0382485324373426
DE_lambda3,20260907,mcdade,400,0.030059814453125,0.10517007581191137,0.8393356259167194,0.010852602903614752,0.041519232408164464,0.03855357295043843
DE_lambda3,20260907,muleshoe,400,0.0287841796875,0.0739991106465459,0.9487573767267168,0.009479365958250129,0.04729920186802536,0.05067771628717003
DE_lambda3,20260907,noxapater,400,0.02626953125,0.0699962376570329,0.9176715668663382,0.007689696591696702,0.04001837408338662,0.040010738338939714
DE_lambda3,20260907,uvalda,400,0.03039794921875,0.06897984746843576,0.9194024542998522,0.011798096142010763,0.04810410509389775,0.04810410509389775
