setting,seed,actual_bpp,depth,semantic,edge,bytes,main_bytes,hyper_bytes,header_bytes,original_miou,fixed_validation_class_miou
D_lambda30,20260905,0.00717529296875,0.088333780471934,1.0371536742076277,0.04183323882427067,58.78,8.202,10.578,40.0,0.008192763073096887,0.00877796043546095
D_lambda30,20260906,0.0072197265625,0.08955279948655516,1.0558073645457626,0.04172771225078031,59.144,8.504,10.64,40.0,0.009173012555350187,0.0098282277378752
D_lambda30,20260907,0.007364501953125,0.09098877930897288,1.0588132856786252,0.0415546966586262,60.33,9.674,10.656,40.0,0.008549207454211583,0.00915986512951241
DS_lambda3,20260905,0.03345556640625,0.07687883985997178,0.6644403569446876,0.032628283027857835,274.068,200.024,34.044,40.0,0.1345125408084034,0.14312561915085628
DS_lambda3,20260906,0.030772216796875,0.07542834112560376,0.6388191534504294,0.03179864108687616,252.086,183.412,28.674,40.0,0.12376432205098563,0.13019626248250424
DS_lambda3,20260907,0.031748046875,0.07564093565847725,0.6458112121764571,0.03254631085653091,260.08,188.438,31.642,40.0,0.14116408132240701,0.1510660705680034
DE_lambda3,20260905,0.031422607421875,0.07702921888628043,0.8763155727609993,0.007575584832804452,257.414,190.724,26.69,40.0,0.03670734189731421,0.03932929488997951
DE_lambda3,20260906,0.024292724609375,0.07739586342591792,0.8817349121882581,0.014387621269423107,199.006,133.014,25.992,40.0,0.03588541628148207,0.03844866030158793
DE_lambda3,20260907,0.0285390625,0.07675082467449829,0.8869197371117771,0.0096489618079504,233.792,167.844,25.948,40.0,0.04273405949605011,0.04578131951990295
