alpha,family,single_validation_setting,single_validation_bpp,single_test_bpp,single_test_failed_tasks,descriptive_test_minimum_setting,descriptive_test_minimum_bpp,mixture_validation_bpp,mixture_test_bpp,mixture_test_failed_tasks,validation_rate_reduction_percent
0.1,D,D_lambda30,0.0072509765625,0.00717529296875,depth,D_lambda3,0.0175205078125,0.0072509765625,0.00717529296875,depth,0.0
0.1,DS,DS_lambda3,0.0337626953125,0.03345556640625,,DS_lambda3,0.03345556640625,0.031231117433258196,0.030946089011661956,,7.498151009005893
0.1,DE,DE_lambda1,0.0624111328125,0.063859619140625,,DE_lambda1,0.063859619140625,0.03790816526625715,0.03836936518552997,edge,39.2605716993736
0.1,DSE,DSE_lambda1,0.091712890625,0.0940966796875,,DSE_lambda1,0.0940966796875,0.048970571622342376,0.04991000842417272,edge,46.60448352612114
0.25,D,D_lambda30,0.0072509765625,0.00717529296875,,D_lambda30,0.00717529296875,0.0072509765625,0.00717529296875,,0.0
0.25,DS,DS_lambda3,0.0337626953125,0.03345556640625,,DE_lambda3,0.031422607421875,0.02458688325637287,0.024359858499868787,,27.17736830901044
0.25,DE,DE_lambda3,0.03123046875,0.031422607421875,,DE_lambda3,0.031422607421875,0.026916026519288736,0.027059978028395555,edge,13.814849419163021
0.25,DSE,DSE_lambda3,0.04994140625,0.05094580078125,,DE_lambda3,0.031422607421875,0.03198989569723803,0.032064633266621186,edge,35.94514432152573
0.5,D,D_lambda30,0.0072509765625,0.00717529296875,,D_lambda30,0.00717529296875,0.0072509765625,0.00717529296875,,0.0
0.5,DS,D_lambda3,0.01744921875,0.0175205078125,,D_lambda30,0.00717529296875,0.013513159628230674,0.013382807646880181,,22.55722263651102
0.5,DE,DE_lambda3,0.03123046875,0.031422607421875,,DE_lambda3,0.031422607421875,0.01889370624517628,0.01894805802570744,edge,39.50232897104281
0.5,DSE,DE_lambda3,0.03123046875,0.031422607421875,,DE_lambda3,0.031422607421875,0.01889370624517628,0.01894805802570744,edge,39.50232897104281
