name,split,original_miou,fixed_validation_class_miou,present_object_class_count
Reference,validation,0.1841449200308458,0.1841449200308458,14
Reference,test,0.13605748701000156,0.14328431926056973,15
D_lambda0.3,validation,0.06369048248257737,0.06369048248257737,14
D_lambda3,validation,0.02990313641618178,0.02990313641618178,14
D_lambda30,validation,0.008365180096697076,0.008365180096697076,14
DE_lambda0.3,validation,0.08613040067580567,0.08613040067580567,14
DE_lambda3,validation,0.05893768810535897,0.05893768810535897,14
DS_lambda0.3,validation,0.1858640646778989,0.1858640646778989,14
DS_lambda3,validation,0.17099146084776456,0.17099146084776456,14
DSE_lambda0.3,validation,0.20520621926941715,0.20520621926941715,14
DSE_lambda1,validation,0.20169283542189964,0.20169283542189964,14
DSE_lambda3,validation,0.1789518076310638,0.1789518076310638,14
RGB_lambda0.3,validation,0.17132988500037552,0.17132988500037552,14
DE_lambda1,validation,0.06814717342921857,0.06814717342921857,14
D_lambda0.3,test,0.04442846566414418,0.04760192749729734,15
D_lambda3,test,0.028447481985989245,0.030479444984988478,15
D_lambda30,test,0.008192763073096887,0.00877796043546095,15
DE_lambda0.3,test,0.05905412410156014,0.06327227582310015,15
DE_lambda3,test,0.03670734189731421,0.03932929488997951,15
DS_lambda0.3,test,0.13032995951002715,0.13963491188436034,15
DS_lambda3,test,0.1345125408084034,0.14312561915085628,15
DSE_lambda0.3,test,0.1384196915719855,0.14717727942806405,15
DSE_lambda1,test,0.14413947609639316,0.15136840233958868,15
DSE_lambda3,test,0.12036111992115942,0.1271462576611943,15
RGB_lambda0.3,test,0.12618217577004157,0.13269678901680743,15
DE_lambda1,test,0.04852058237881166,0.0519863382630125,15
D_lambda30_s20260905,test,0.008192763073096887,0.00877796043546095,15
D_lambda30_s20260906,test,0.009173012555350187,0.0098282277378752,15
D_lambda30_s20260907,test,0.008549207454211583,0.00915986512951241,15
DS_lambda3_s20260905,test,0.1345125408084034,0.14312561915085628,15
DS_lambda3_s20260906,test,0.12376432205098563,0.13019626248250424,15
DS_lambda3_s20260907,test,0.14116408132240701,0.1510660705680034,15
DE_lambda3_s20260905,test,0.03670734189731421,0.03932929488997951,15
DE_lambda3_s20260906,test,0.03588541628148207,0.03844866030158793,15
DE_lambda3_s20260907,test,0.04273405949605011,0.04578131951990295,15
